# vtk DataFile Version 3.0
HBM2 temperature
ASCII
DATASET STRUCTURED_POINTS
DIMENSIONS 32 16 21
ORIGIN 0 0 0
SPACING 0.00025 0.00075 1
POINT_DATA 10752
SCALARS temperature_K float 1
LOOKUP_TABLE default
309.13506
309.15049
309.17413
309.1908
309.19238
309.17663
309.14621
309.10856
309.06744
309.02337
308.97408
308.91454
308.84289
308.76074
308.6742
308.59495
308.52786
308.47148
308.41772
308.35106
308.26372
308.15509
308.03187
307.90899
307.79496
307.69371
307.60685
307.53487
307.47775
307.43526
307.40712
307.39311
309.49939
309.58162
309.7283
309.82398
309.8528
309.81735
309.72988
309.65485
309.60155
309.56828
309.54589
309.4888
309.38643
309.23491
309.04583
308.91275
308.84974
308.85617
308.91301
308.90214
308.80334
308.61405
308.34899
308.11964
307.93656
307.79151
307.67666
307.58661
307.5178
307.46789
307.43537
307.41933
309.75829
309.85354
310.02134
310.13488
310.17318
310.13808
310.04435
309.96265
309.90494
309.86965
309.84555
309.78255
309.66804
309.49854
309.28947
309.14334
309.07773
309.09121
309.15921
309.15162
309.0426
308.82886
308.52922
308.26574
308.05348
307.8851
307.75229
307.6488
307.57026
307.51364
307.47692
307.45885
309.89392
309.99165
310.16357
310.28145
310.32323
310.29032
310.19761
310.11628
310.05865
310.02314
309.99825
309.93344
309.8159
309.6424
309.42907
309.27937
309.21137
309.22334
309.28967
309.27877
309.16385
308.94144
308.63111
308.35628
308.1331
307.95492
307.81374
307.70343
307.61957
307.55906
307.51981
307.5005
309.92539
310.02392
310.19743
310.31761
310.36232
310.33284
310.24394
310.16662
310.11301
310.08134
310.05993
309.99808
309.88287
309.711
309.49863
309.34926
309.28098
309.29213
309.35713
309.3444
309.2272
309.00213
308.68887
308.41096
308.18471
308.00357
307.85967
307.74698
307.66114
307.59912
307.55883
307.539
309.85037
309.9485
310.12198
310.24376
310.29258
310.26989
310.18998
310.12291
310.07995
310.05876
310.04729
309.99477
309.88811
309.72372
309.51724
309.37153
309.3045
309.31494
309.37824
309.36422
309.24706
309.02363
308.71319
308.43837
308.21482
308.03574
307.89322
307.78132
307.69588
307.63399
307.59372
307.57388
309.64141
309.73034
309.89014
310.00481
310.05788
310.05132
309.99654
309.95682
309.93986
309.9418
309.95073
309.91812
309.83169
309.68765
309.49933
309.3631
309.29501
309.29495
309.34297
309.31912
309.20206
308.98931
308.69708
308.43929
308.2286
308.05821
307.92114
307.81241
307.72866
307.6676
307.62768
307.60795
309.29349
309.32403
309.3769
309.43409
309.48668
309.53243
309.57383
309.61748
309.66531
309.71359
309.75012
309.75099
309.70615
309.61804
309.50332
309.39651
309.31307
309.25258
309.1992
309.11936
308.99668
308.82954
308.63139
308.43385
308.25321
308.09568
307.96288
307.85449
307.76956
307.70699
307.66585
307.64545
309.20949
309.25998
309.35454
309.4518
309.54843
309.64995
309.76425
309.90149
310.07448
310.29556
310.54863
310.66956
310.63376
310.4414
310.12488
309.89511
309.78229
309.78192
309.86168
309.84585
309.70246
309.42655
309.03947
308.70408
308.43636
308.22459
308.05739
307.92676
307.82732
307.75543
307.70872
307.68571
309.17551
309.23411
309.34419
309.46213
309.58445
309.71736
309.8695
310.05139
310.27571
310.55278
310.8594
311.01558
310.99025
310.78439
310.43919
310.1856
310.06242
310.06564
310.15607
310.14175
309.98321
309.67431
309.24165
308.86225
308.55769
308.31706
308.12803
307.98133
307.87039
307.79066
307.73907
307.71373
309.12135
309.18294
309.29887
309.42526
309.55845
309.70454
309.87196
310.07087
310.31325
310.60824
310.9309
311.09915
311.0808
310.87705
310.53065
310.27492
310.15025
310.1529
310.24272
310.22599
310.062
309.74445
309.30081
308.90982
308.59436
308.34423
308.14738
307.99453
307.87897
307.79598
307.74232
307.71597
309.01749
309.07925
309.19555
309.32255
309.45662
309.60389
309.77281
309.97354
310.21802
310.51539
310.84065
311.01172
310.99636
310.79573
310.45252
310.20005
310.07866
310.08463
310.17785
310.16459
310.00417
309.69026
309.25029
308.86291
308.55091
308.30399
308.11003
307.95967
307.84617
307.76474
307.71214
307.68633
308.84659
308.90547
309.0163
309.13571
309.26048
309.39698
309.55386
309.7416
309.97273
310.25751
310.57263
310.73803
310.7225
310.52684
310.19204
309.94884
309.83596
309.84948
309.9504
309.94702
309.80001
309.5032
309.08296
308.71593
308.42328
308.1937
308.01456
307.87634
307.77233
307.69787
307.64982
307.62626
308.59831
308.6475
308.74051
308.83768
308.93703
309.04463
309.16817
309.31709
309.50357
309.73965
310.00928
310.14852
310.13267
309.96137
309.66599
309.45622
309.3617
309.37835
309.47514
309.4782
309.35674
309.10596
308.74622
308.4386
308.19747
308.00999
307.86407
307.75132
307.6662
307.60503
307.56544
307.54598
308.29178
308.30878
308.34066
308.38266
308.43239
308.48896
308.55201
308.62098
308.69423
308.76737
308.83004
308.86288
308.85758
308.81546
308.74819
308.68
308.62228
308.57594
308.53222
308.47162
308.38476
308.27098
308.1386
308.00675
307.88544
307.77875
307.68796
307.61321
307.55417
307.51039
307.48146
307.46707
308.12555
308.13385
308.1498
308.17227
308.19997
308.23155
308.26552
308.30008
308.33292
308.36114
308.38119
308.38951
308.38411
308.36521
308.33512
308.29738
308.25459
308.20757
308.15545
308.09632
308.02924
307.95491
307.8759
307.79612
307.7192
307.64798
307.58453
307.53026
307.48608
307.45257
307.43008
307.4188
309.52959
309.54565
309.57083
309.58804
309.58945
309.57284
309.5407
309.50148
309.45876
309.41305
309.36217
309.30044
309.22612
309.14075
309.05023
308.96776
308.89794
308.83936
308.7842
308.71502
308.62433
308.51151
308.38299
308.2556
308.13759
308.03279
307.94283
307.86824
307.80903
307.76496
307.73577
307.72123
309.9058
309.99914
310.19195
310.29902
310.32893
310.28737
310.1741
310.09174
310.03629
310.00482
309.99661
309.94054
309.83411
309.67037
309.44074
309.29586
309.23043
309.24502
309.34468
309.34145
309.23895
309.03458
308.71911
308.47362
308.28346
308.13362
308.01492
307.92175
307.8505
307.79879
307.76508
307.74845
310.17294
310.27991
310.4954
310.62106
310.66073
310.61938
310.49915
310.40979
310.34981
310.31636
310.30675
310.24472
310.1258
309.94336
309.69238
309.53385
309.46571
309.48777
309.59983
309.60017
309.48712
309.25732
308.9053
308.62445
308.40427
308.23042
308.09324
307.98622
307.90493
307.84629
307.80824
307.78952
310.31324
310.42277
310.64252
310.77264
310.8159
310.77681
310.65764
310.56868
310.50879
310.47513
310.46473
310.40083
310.27881
310.09225
309.83687
309.67467
309.60405
309.62453
309.73486
309.73177
309.61261
309.37386
309.01081
308.71826
308.48682
308.30285
308.15703
308.04296
307.95617
307.89351
307.85284
307.83283
310.34596
310.45632
310.67771
310.81022
310.85651
310.82099
310.70577
310.62096
310.56525
310.53558
310.52878
310.46795
310.34834
310.16349
309.90911
309.74724
309.67635
309.69598
309.80493
309.79995
309.67843
309.43694
309.07084
308.77511
308.54048
308.35346
308.20482
308.08828
307.99944
307.93521
307.89348
307.87293
310.26863
310.3786
310.59997
310.73417
310.78474
310.75625
310.65033
310.57614
310.53145
310.5126
310.51609
310.46491
310.35415
310.17704
309.92876
309.77068
309.7011
309.72001
309.82722
309.82091
309.69944
309.45962
309.09642
308.80385
308.57199
308.38706
308.23982
308.1241
308.03565
307.97156
307.92984
307.90927
310.05329
310.15357
310.35996
310.48667
310.5417
310.53004
310.45058
310.40474
310.38687
310.39182
310.41602
310.38529
310.29542
310.13948
309.91071
309.76265
309.69202
309.69991
309.79046
309.77379
309.65241
309.42382
309.08027
308.80541
308.58674
308.41071
308.26903
308.15655
308.06984
308.00659
307.96522
307.94477
309.69393
309.7257
309.78142
309.84059
309.8947
309.94161
309.98364
310.0283
310.07735
310.12725
310.16632
310.16737
310.12087
310.02914
309.90803
309.79686
309.71027
309.64782
309.59437
309.51188
309.3847
309.21118
309.00403
308.79937
308.61271
308.4499
308.31253
308.20034
308.11238
308.04756
308.00492
307.98377
309.60734
309.66251
309.77514
309.87848
309.97839
310.08287
310.20038
310.34152
310.52101
310.76112
311.08241
311.2194
311.18188
310.9676
310.56507
310.31209
310.19493
310.20658
310.34895
310.34453
310.19603
309.8984
309.43813
309.07939
308.8015
308.58286
308.41018
308.27512
308.17221
308.09778
308.0494
308.02556
309.57173
309.63536
309.76434
309.88911
310.01551
310.15236
310.30885
310.49597
310.72833
311.02645
311.4043
311.57801
311.55135
311.32282
310.88912
310.61124
310.48346
310.49918
310.65391
310.65139
310.48727
310.15532
309.64676
309.24241
308.92662
308.6783
308.48316
308.33154
308.21678
308.13425
308.08083
308.05458
309.51521
309.58194
309.71697
309.85047
309.98811
310.13856
310.31085
310.51553
310.76653
311.08315
311.47757
311.66376
311.64435
311.41806
310.98316
310.70312
310.57382
310.58897
310.7431
310.73808
310.56835
310.22749
309.70763
309.29135
308.96435
308.70625
308.50305
308.34509
308.22557
308.13967
308.08411
308.05683
309.40721
309.47412
309.60953
309.74367
309.88222
310.03392
310.20777
310.41434
310.66752
310.98661
311.38375
311.57287
311.55656
311.33351
310.90193
310.62527
310.49939
310.518
310.67565
310.67425
310.50823
310.17116
309.6551
309.24256
308.91915
308.66439
308.46418
308.30882
308.19142
308.10715
308.05269
308.02596
309.22987
309.2938
309.42357
309.54988
309.67884
309.81943
309.98086
310.17404
310.4135
310.71963
311.10631
311.2896
311.27313
311.05521
310.63231
310.36522
310.24815
310.27458
310.44023
310.44907
310.29692
309.97752
309.48184
309.09032
308.78688
308.55002
308.36513
308.22232
308.11475
308.03768
307.98793
307.96353
308.97275
309.0266
309.13767
309.24098
309.34376
309.45458
309.5817
309.73496
309.92846
310.18416
310.52264
310.67862
310.66181
310.46937
310.08878
309.85656
309.75842
309.78776
309.94785
309.96307
309.83732
309.56573
309.13378
308.80378
308.5534
308.3599
308.20925
308.09272
308.00465
307.94133
307.90032
307.88016
308.65554
308.67317
308.7064
308.7498
308.8011
308.85943
308.9244
308.99542
309.07082
309.1464
309.21225
309.24632
309.24073
309.19676
309.1255
309.05453
308.99469
308.94683
308.90264
308.83999
308.74992
308.6318
308.49352
308.35687
308.23144
308.1211
308.02714
307.94973
307.88856
307.84318
307.81318
307.79826
308.48364
308.49221
308.50869
308.53189
308.5605
308.59311
308.62816
308.6638
308.69764
308.72667
308.74727
308.75572
308.75001
308.73034
308.69908
308.65989
308.61542
308.56654
308.51236
308.45092
308.38127
308.30416
308.22222
308.13951
308.05977
307.98593
307.92013
307.86382
307.81799
307.78322
307.75988
307.74817
309.52202
309.53781
309.56275
309.57963
309.58088
309.56431
309.53226
309.49323
309.45064
309.40501
309.35428
309.29273
309.21871
309.13378
309.04361
308.96149
308.89181
308.83317
308.77805
308.70888
308.61848
308.50625
308.37833
308.2517
308.13435
308.03007
307.94052
307.86625
307.80728
307.76338
307.7343
307.71982
309.89454
309.98807
310.21329
310.3203
310.34965
310.30765
310.17653
310.09414
310.039
310.00795
310.01195
309.95649
309.85082
309.68733
309.43134
309.28639
309.22098
309.23596
309.36842
309.36574
309.26362
309.05949
308.71215
308.46747
308.27894
308.13016
308.01217
307.91948
307.84856
307.79707
307.76351
307.74694
310.15985
310.26682
310.51457
310.63992
310.67891
310.63716
310.49911
310.40983
310.35022
310.31717
310.31981
310.25842
310.14039
309.95843
309.68122
309.52278
309.45466
309.47694
309.62172
309.62248
309.50988
309.28059
308.89695
308.61729
308.39903
308.22646
308.09012
307.98368
307.90279
307.84441
307.80653
307.78789
310.29941
310.40892
310.66089
310.79066
310.83321
310.79371
310.65673
310.56785
310.50834
310.47509
310.47694
310.4137
310.29259
310.10656
309.82499
309.66291
309.59232
309.61302
309.75606
309.7534
309.63472
309.39655
309.00195
308.71068
308.48125
308.29862
308.1537
308.04024
307.95388
307.89151
307.85103
307.8311
310.33205
310.44238
310.69599
310.82814
310.87371
310.83776
310.70471
310.61997
310.56461
310.53534
310.54079
310.4806
310.3619
310.17757
309.897
309.73526
309.6644
309.68426
309.82592
309.82138
309.70035
309.45945
309.06183
308.76739
308.53478
308.34911
308.20138
308.08548
307.99707
307.93314
307.89159
307.87113
310.25527
310.36523
310.61884
310.7527
310.80253
310.77358
310.64979
310.5756
310.53121
310.5127
310.52839
310.47781
310.3679
310.19126
309.91675
309.75878
309.68924
309.70839
309.84834
309.8425
309.72151
309.48226
309.0875
308.79617
308.5663
308.3827
308.23636
308.12126
308.03324
307.96944
307.9279
307.90742
310.04157
310.142
310.38073
310.50728
310.56161
310.54936
310.45189
310.40582
310.38806
310.39321
310.42945
310.39921
310.31002
310.15436
309.89928
309.75122
309.68066
309.68898
309.81235
309.79631
309.67541
309.4472
309.07198
308.79811
308.58125
308.40644
308.26559
308.15369
308.0674
308.00443
307.96324
307.94288
309.68571
309.71709
309.77242
309.83097
309.8846
309.93117
309.97281
310.01709
310.06559
310.11477
310.15346
310.15418
310.10791
310.01695
309.89644
309.78608
309.69982
309.6372
309.5838
309.50125
309.37458
309.20219
308.99615
308.79297
308.60753
308.44567
308.30903
308.19739
308.10984
308.0453
308.00284
307.98178
309.5993
309.65439
309.7785
309.88134
309.98032
310.08391
310.20039
310.34008
310.51742
310.75667
311.12474
311.262
311.2248
311.01034
310.54894
310.29598
310.17957
310.19221
310.38251
310.37906
310.23124
309.93408
309.42759
309.07014
308.79471
308.5777
308.40611
308.27179
308.1694
308.09532
308.04715
308.02342
309.56361
309.62708
309.76746
309.89155
310.01683
310.15255
310.30772
310.49302
310.72275
311.01942
311.4437
311.61731
311.59096
311.36257
310.8702
310.59273
310.46581
310.48239
310.68503
310.68334
310.52001
310.18891
309.63444
309.23189
308.91895
308.67253
308.47865
308.3279
308.21374
308.13161
308.07844
308.05231
309.50713
309.57368
309.72006
309.85283
309.98928
310.13854
310.3094
310.51217
310.7604
311.07545
311.51619
311.7022
311.68307
311.45694
310.96342
310.68385
310.55545
310.57145
310.77348
310.7693
310.6004
310.26047
309.6948
309.28043
308.95637
308.70025
308.49837
308.34132
308.22243
308.13695
308.08166
308.0545
309.3994
309.46613
309.6129
309.7463
309.88367
310.03416
310.20659
310.41123
310.66165
310.97916
311.42261
311.61155
311.59551
311.37261
310.88241
310.6062
310.48121
310.50066
310.70621
310.70563
310.54044
310.20429
309.64241
309.23176
308.91128
308.65848
308.45959
308.30512
308.18835
308.1045
308.0503
308.02369
309.22269
309.28647
309.42763
309.55327
309.68111
309.82056
309.98066
310.17202
310.40882
310.71348
311.14658
311.32974
311.31354
311.09572
310.61412
310.34742
310.23119
310.25844
310.47197
310.48161
310.33021
310.01162
309.46999
309.08021
308.77958
308.54457
308.3609
308.21892
308.11192
308.03524
307.98572
307.96143
308.96679
309.0206
309.14318
309.24603
309.34789
309.45781
309.58386
309.73564
309.92694
310.18174
310.56694
310.72313
310.70656
310.51385
310.0743
309.84203
309.74458
309.77489
309.98288
309.99901
309.87387
309.60263
309.12431
308.79544
308.54739
308.3554
308.20573
308.08986
308.00225
307.93922
307.8984
307.87833
308.65169
308.66917
308.70217
308.74525
308.79618
308.8541
308.91861
308.98906
309.06378
309.13859
309.20393
309.23755
309.23196
309.18842
309.11752
309.04711
308.98753
308.93964
308.89554
308.83289
308.74318
308.62578
308.48821
308.35248
308.22783
308.1181
308.02461
307.94755
307.88664
307.84146
307.81158
307.79672
308.48074
308.48925
308.50563
308.52869
308.55712
308.58952
308.62435
308.65974
308.69333
308.72211
308.74251
308.75083
308.74508
308.72547
308.69431
308.65526
308.61092
308.56216
308.5081
308.44683
308.37741
308.30059
308.219
308.13664
308.05722
307.98368
307.91813
307.86205
307.81638
307.78173
307.75848
307.74681
309.48104
309.49542
309.51779
309.53288
309.53338
309.51711
309.48624
309.44822
309.40632
309.36107
309.31055
309.24979
309.1773
309.09466
309.00733
308.92709
308.85814
308.79909
308.74275
308.67354
308.58461
308.4754
308.35186
308.22913
308.11497
308.01327
307.92575
307.85307
307.79529
307.75225
307.72372
307.70951
309.83495
309.91682
310.09679
310.19089
310.21716
310.17994
310.07271
309.99704
309.94357
309.90995
309.89962
309.84257
309.74086
309.58898
309.37077
309.23584
309.17046
309.17478
309.26387
309.25132
309.15109
308.96078
308.66137
308.43325
308.25335
308.10979
307.99524
307.90491
307.83563
307.78526
307.75239
307.73616
310.09131
310.1855
310.38594
310.49701
310.53238
310.49565
310.38238
310.30045
310.24275
310.20704
310.19502
310.13212
310.01869
309.84959
309.61192
309.46444
309.39632
309.40697
309.50665
309.49672
309.38633
309.17236
308.83919
308.57813
308.36995
308.2036
308.07139
307.96779
307.88885
307.83181
307.79475
307.7765
310.22728
310.32387
310.5283
310.64359
310.68241
310.64789
310.53571
310.45423
310.39667
310.36077
310.34799
310.28332
310.16695
309.99397
309.75216
309.60119
309.53067
309.5397
309.63758
309.62427
309.50796
309.28542
308.94172
308.66947
308.45049
308.27443
308.13389
308.02347
307.93922
307.87829
307.83869
307.8192
310.25948
310.35689
310.56292
310.68054
310.72232
310.69128
310.58296
310.50554
310.45204
310.42005
310.41079
310.34913
310.23513
310.06383
309.82301
309.67239
309.60161
309.60983
309.70639
309.69123
309.57264
309.34743
309.00079
308.72544
308.50336
308.32432
308.18105
308.06823
307.98199
307.91952
307.87889
307.85887
310.18541
310.28252
310.48868
310.60807
310.65407
310.62985
310.53053
310.46336
310.42055
310.39906
310.39981
310.34751
310.24208
310.07823
309.84327
309.69631
309.62686
309.63448
309.72946
309.7131
309.59454
309.37086
309.02688
308.75445
308.53495
308.35786
308.21588
308.10382
308.01793
307.95558
307.91495
307.89491
309.97965
310.06824
310.26137
310.37451
310.42516
310.41694
310.34249
310.30221
310.2851
310.28667
310.30766
310.27519
310.18969
310.04569
309.82868
309.69098
309.6207
309.61852
309.69869
309.67306
309.55457
309.34094
309.01456
308.7582
308.55082
308.38198
308.2452
308.13616
308.0519
307.99033
307.95003
307.93009
309.64153
309.67085
309.72234
309.77769
309.82897
309.87394
309.91446
309.95697
310.00277
310.04822
310.08249
310.08136
310.03622
309.94941
309.83552
309.72953
309.64486
309.58114
309.5246
309.44141
309.3173
309.15081
308.95363
308.75802
308.57859
308.42138
308.28831
308.17938
308.09383
308.03071
307.98915
307.96854
309.5558
309.60591
309.71206
309.80783
309.90205
310.00131
310.11277
310.24545
310.41131
310.62802
310.92853
311.04871
311.01331
310.82096
310.44214
310.21227
310.09977
310.09889
310.22725
310.21019
310.06573
309.7893
309.35314
309.02034
308.75792
308.54888
308.38257
308.25191
308.15207
308.07973
308.03264
308.00944
309.51974
309.57778
309.69929
309.81542
309.93498
310.06524
310.21398
310.39046
310.60636
310.87743
311.23044
311.38498
311.36033
311.15585
310.74953
310.4973
310.37491
310.37707
310.51566
310.49943
310.34001
310.03172
309.55109
309.17591
308.87788
308.64073
308.45301
308.30649
308.19527
308.11514
308.06321
308.03768
309.46348
309.5245
309.65183
309.77637
309.90678
310.05018
310.21415
310.40756
310.64138
310.93019
311.29909
311.46565
311.4481
311.246
310.8388
310.58471
310.46096
310.46256
310.60048
310.58181
310.41704
310.1003
309.60899
309.2225
308.9138
308.66732
308.47189
308.31929
308.2035
308.12012
308.06613
308.0396
309.35712
309.41831
309.54603
309.6712
309.80253
309.94715
310.11267
310.30794
310.54392
310.83516
311.20674
311.37618
311.36168
311.16278
310.75885
310.50809
310.38771
310.39271
310.5341
310.51899
310.35786
310.04484
309.55726
309.17443
308.86925
308.62603
308.43353
308.28348
308.16976
308.08798
308.03507
308.00908
309.18356
309.24192
309.36424
309.48192
309.60404
309.73799
309.89161
310.07407
310.29696
310.57591
310.93762
311.10158
311.08693
310.89287
310.49716
310.25555
310.1437
310.1564
310.30573
310.30067
310.15299
309.85699
309.38896
309.02631
308.74033
308.51437
308.33667
308.19876
308.09456
308.01976
307.97142
307.94769
308.9337
308.98266
309.0875
309.18345
309.28063
309.38615
309.50703
309.65158
309.83118
310.0632
310.38059
310.51939
310.50423
310.33318
309.97574
309.76618
309.67238
309.689
309.83491
309.83719
309.715
309.4639
309.05519
308.75024
308.5145
308.32988
308.18499
308.07235
307.98696
307.92544
307.88555
307.86593
308.62912
308.64579
308.67724
308.71862
308.76776
308.82369
308.88591
308.95364
309.02505
309.09586
309.15673
309.18796
309.18235
309.14114
309.07454
309.00711
308.94882
308.90059
308.8549
308.79215
308.70422
308.59058
308.4585
308.32751
308.20665
308.09989
308.0087
307.93341
307.87383
307.82958
307.80031
307.78575
308.46285
308.47109
308.48695
308.5093
308.53686
308.56826
308.60198
308.63617
308.66851
308.6961
308.71548
308.72315
308.71722
308.69788
308.66731
308.62894
308.58524
308.53706
308.48362
308.42319
308.35492
308.27958
308.19967
308.11904
308.04126
307.96919
307.90491
307.84988
307.80505
307.77103
307.74819
307.73672
309.44583
309.45898
309.47915
309.4927
309.49256
309.47655
309.44669
309.40954
309.36823
309.32331
309.27298
309.2129
309.14171
309.06103
308.97616
308.89753
308.82919
308.76979
308.71242
308.64317
308.5555
308.44889
308.32911
308.20972
308.09832
307.99883
307.91306
307.84173
307.78498
307.74267
307.71462
307.70064
309.78374
309.85559
309.99683
310.07983
310.10347
310.07035
309.98356
309.91368
309.86164
309.82581
309.80322
309.7448
309.6465
309.50459
309.31872
309.19241
309.12705
309.1222
309.17419
309.15315
309.05453
308.87611
308.61774
308.40385
308.23135
308.09228
307.98068
307.89238
307.82451
307.7751
307.74284
307.7269
310.03242
310.11563
310.27556
310.37435
310.40663
310.3742
310.28215
310.20653
310.15048
310.11248
310.08791
310.02371
309.91424
309.75618
309.55237
309.41431
309.3462
309.34684
309.40791
309.38881
309.28031
309.0795
308.78957
308.54448
308.34495
308.18396
308.05529
307.95412
307.87688
307.82097
307.78462
307.76671
310.16529
310.25078
310.41452
310.51736
310.55297
310.52273
310.4318
310.35667
310.30077
310.26261
310.23731
310.17141
310.05912
309.89735
309.68958
309.54816
309.47769
309.47669
309.53593
309.51346
309.39918
309.19007
308.88997
308.63406
308.42406
308.25363
308.11686
308.00905
307.92662
307.86692
307.82809
307.80897
310.19713
310.28342
310.44873
310.55387
310.59239
310.56556
310.47841
310.40727
310.35538
310.32105
310.29921
310.23627
310.12632
309.96621
309.75943
309.61837
309.54766
309.54588
309.60382
309.57955
309.46304
309.25132
308.94833
308.68939
308.47636
308.30301
308.16357
308.05341
307.96902
307.90781
307.86797
307.84833
310.12537
310.21145
310.37699
310.48394
310.52664
310.5065
310.42812
310.36698
310.32553
310.30148
310.28945
310.23567
310.13408
309.98122
309.78013
309.64264
309.57326
309.57096
309.62745
309.60207
309.48558
309.27529
308.9748
308.7186
308.508
308.3365
308.19828
308.08883
308.00478
307.94367
307.90382
307.88416
309.92645
310.00486
310.15895
310.26058
310.30805
310.3033
310.24856
310.21325
310.1967
310.19518
310.20314
310.16874
310.08641
309.95243
309.76802
309.63921
309.56917
309.55797
309.60116
309.56731
309.45088
309.24978
308.96523
308.72391
308.52467
308.36096
308.22767
308.12109
308.03858
307.97822
307.93867
307.91911
309.60356
309.63111
309.6793
309.7319
309.78116
309.82475
309.86432
309.9053
309.94878
309.99104
310.02151
310.01878
309.97462
309.89137
309.78317
309.68094
309.59764
309.53297
309.47372
309.38999
309.26808
309.10666
308.91709
308.72799
308.55372
308.40051
308.27051
308.1639
308.08007
308.01816
307.97738
307.95715
309.51841
309.56425
309.65502
309.74471
309.83485
309.93038
310.03754
310.16419
310.3202
310.51753
310.7602
310.86571
310.83186
310.6585
310.35036
310.14034
310.03119
310.0187
310.09405
310.0653
309.92373
309.6651
309.28916
308.97755
308.7263
308.52411
308.36235
308.23482
308.13717
308.06632
308.02017
307.99742
309.48205
309.53542
309.64078
309.75006
309.86471
309.99026
310.13348
310.30238
310.50641
310.75547
311.04746
311.18562
311.16243
310.9785
310.64585
310.41531
310.29679
310.28658
310.37033
310.34162
310.18556
309.89686
309.47947
309.1278
308.84258
308.61339
308.43097
308.2881
308.17941
308.10098
308.05011
308.02509
309.42597
309.48223
309.59325
309.71072
309.83594
309.97431
310.13236
310.31773
310.53916
310.80543
311.11281
311.26266
311.24646
311.06501
310.73171
310.49953
310.37977
310.369
310.45205
310.42093
310.2597
309.96289
309.53526
309.17272
308.87722
308.63902
308.44912
308.30036
308.18722
308.10566
308.05279
308.02679
309.32078
309.37723
309.48862
309.60673
309.73286
309.87244
310.03202
310.21924
310.44281
310.71149
311.02151
311.17422
311.16104
310.98274
310.65268
310.42378
310.30736
310.29996
310.38643
310.35883
310.20119
309.90804
309.48409
309.12517
308.83313
308.59814
308.41114
308.26487
308.15379
308.07379
308.02198
307.99652
309.14993
309.20364
309.30982
309.42066
309.53787
309.6671
309.81514
309.98996
310.2009
310.45775
310.75833
310.90579
310.89249
310.71884
310.39666
310.1766
310.06851
310.06873
310.16309
310.14541
310.00093
309.72433
309.31934
308.97998
308.70661
308.48842
308.31584
308.18142
308.07964
308.00646
307.95912
307.93587
308.90525
308.95005
309.0397
309.12973
309.22288
309.32463
309.44105
309.57939
309.74896
309.9614
310.22073
310.34459
310.33064
310.1782
309.89106
309.70101
309.61035
309.6152
309.70798
309.69836
309.57871
309.3449
308.9958
308.71139
308.48624
308.30795
308.16716
308.0573
307.97383
307.91359
307.8745
307.85526
308.60973
308.6257
308.65581
308.69574
308.74333
308.79756
308.85781
308.9232
308.99177
309.05914
309.11616
309.14533
309.13971
309.10051
309.03761
308.97273
308.91556
308.86703
308.81998
308.75715
308.67074
308.56032
308.43298
308.30605
308.18845
308.08424
307.99503
307.92126
307.86281
307.81937
307.79062
307.77631
308.44747
308.45548
308.4709
308.49264
308.51945
308.54999
308.58275
308.6159
308.64719
308.67375
308.69225
308.69937
308.69328
308.67416
308.6441
308.60631
308.56316
308.51549
308.46259
308.40287
308.33559
308.26151
308.18306
308.10391
308.02754
307.95673
307.89354
307.83942
307.79531
307.76183
307.73935
307.72806
309.40516
309.41705
309.43503
309.44697
309.44613
309.43037
309.40151
309.36527
309.32463
309.28012
309.2301
309.17083
309.10111
309.02255
308.94021
308.86334
308.79572
308.73606
308.67783
308.60869
308.52245
308.41869
308.30287
308.18713
308.0788
307.98179
307.89801
307.82822
307.77264
307.73118
307.70367
307.68996
309.72587
309.78852
309.90601
309.97867
309.99958
309.97001
309.89544
309.83092
309.78041
309.74282
309.71362
309.65435
309.55967
309.42723
309.26156
309.14329
309.07807
309.06503
309.0951
309.06662
308.96985
308.80272
308.57071
308.37063
308.20599
308.07184
307.96353
307.87752
307.81125
307.76294
307.73136
307.71575
309.96596
310.03899
310.17343
310.26067
310.28971
310.26104
310.18193
310.11221
310.05791
310.0181
309.98669
309.92175
309.8165
309.66902
309.48689
309.3577
309.28972
309.28134
309.31908
309.29186
309.18552
308.99735
308.73597
308.50654
308.31621
308.1611
308.03639
307.93797
307.86263
307.80802
307.77248
307.75497
310.0953
310.1705
310.30854
310.39965
310.43191
310.40538
310.32741
310.25822
310.20412
310.16416
310.13204
310.06548
309.95754
309.80654
309.62066
309.48825
309.41796
309.40793
309.44379
309.41324
309.30128
309.10511
308.83396
308.59411
308.39369
308.22945
308.09689
307.99203
307.91166
307.85336
307.81542
307.79671
310.12671
310.2027
310.34229
310.43564
310.47075
310.44756
310.3733
310.30802
310.25783
310.22164
310.19292
310.12926
310.02362
309.87427
309.68937
309.55732
309.48682
309.47603
309.51063
309.47833
309.3642
309.16548
308.89152
308.64871
308.44534
308.27825
308.14307
308.03591
307.95363
307.89387
307.85492
307.83571
310.05759
310.13342
310.27335
310.36858
310.40781
310.39114
310.32541
310.26984
310.22982
310.20365
310.18449
310.12977
310.03226
309.88994
309.71053
309.58195
309.51278
309.50157
309.53486
309.50153
309.38742
309.19002
308.91837
308.67813
308.47703
308.31167
308.17765
308.07115
307.98917
307.92949
307.89053
307.87129
309.86629
309.93532
310.06532
310.15613
310.20026
310.19833
310.15498
310.1241
310.1081
310.10385
310.10431
310.06845
309.98946
309.86499
309.70104
309.58058
309.51092
309.49171
309.51315
309.47216
309.35809
309.16902
308.9117
308.68509
308.49454
308.33649
308.2071
308.10331
308.02279
307.9638
307.92512
307.90598
309.55977
309.58548
309.63034
309.68
309.72702
309.76901
309.80735
309.84659
309.88752
309.92639
309.95309
309.94874
309.90563
309.82611
309.72358
309.6253
309.54357
309.47811
309.41653
309.33248
309.21308
309.05715
308.87546
308.69342
308.52486
308.37614
308.2496
308.14563
308.06376
308.00325
307.96336
307.94356
309.47551
309.51729
309.59798
309.68164
309.76735
309.85875
309.96113
310.0812
310.22685
310.40561
310.61204
310.70403
310.67173
310.5159
310.25128
310.05975
309.95422
309.93165
309.97618
309.93733
309.79906
309.55745
309.22043
308.92944
308.69006
308.4954
308.33871
308.21473
308.11957
308.05042
308.00534
307.98309
309.43884
309.48775
309.58223
309.68465
309.79396
309.91429
310.05137
310.21199
310.40345
310.63114
310.8837
311.00654
310.98479
310.81995
310.53367
310.32353
310.2092
310.18819
310.23945
310.19989
310.04764
309.77784
309.40239
309.0738
308.80223
308.58178
308.40527
308.26651
308.16069
308.08421
308.03456
308.01013
309.38298
309.4347
309.53465
309.64501
309.76458
309.89734
310.04881
310.22537
310.43366
310.67797
310.94537
311.07954
311.06465
310.90239
310.61572
310.40415
310.2887
310.26715
310.31767
310.27576
310.11854
309.841
309.45579
309.11683
308.83541
308.60631
308.4226
308.27816
308.16805
308.08853
308.03695
308.01157
309.27915
309.33104
309.43138
309.54237
309.66284
309.79681
309.94979
310.12818
310.33859
310.58527
310.85529
310.99227
310.98037
310.82122
310.53774
310.32941
310.21726
310.19903
310.25294
310.21448
310.06081
309.78688
309.40528
309.06988
308.79185
308.56591
308.38504
308.24305
308.13495
308.05698
308.00643
307.98158
309.1114
309.16066
309.25598
309.35998
309.47184
309.59581
309.73767
309.90413
310.10241
310.33779
310.59883
310.73083
310.71882
310.56411
310.28815
310.08834
309.98429
309.97357
310.0353
310.00661
309.86576
309.60784
309.24454
308.92803
308.66807
308.4584
308.29153
308.16106
308.06201
307.99068
307.94449
307.92179
308.87259
308.91346
308.99322
309.07738
309.16617
309.26373
309.37522
309.50679
309.66576
309.85941
310.08224
310.19227
310.17949
310.04415
309.80008
309.62817
309.54085
309.53546
309.59726
309.57729
309.46053
309.24318
308.9323
308.66781
308.45386
308.28249
308.14628
308.03956
307.95825
307.89949
307.86131
307.84251
308.58702
308.60224
308.63094
308.66928
308.71513
308.76744
308.82547
308.88825
308.95368
309.01736
309.07045
309.09745
309.09178
309.05465
308.99538
308.9332
308.87727
308.82857
308.78042
308.71765
308.63299
308.52608
308.40366
308.28115
308.16716
308.06582
307.97886
307.90681
307.84965
307.80714
307.77898
307.76497
308.42929
308.43704
308.45196
308.47301
308.49896
308.52852
308.56018
308.59217
308.62225
308.64765
308.66518
308.67167
308.6654
308.64653
308.61702
308.57988
308.53736
308.49027
308.438
308.37913
308.31299
308.24034
308.16354
308.08607
308.01129
307.94192
307.87998
307.8269
307.78362
307.75076
307.72868
307.7176
309.36446
309.37508
309.39089
309.40122
309.39969
309.38417
309.35629
309.32097
309.28099
309.2369
309.1872
309.12874
309.06048
308.98405
308.90424
308.82912
308.76223
308.70231
308.64323
308.57419
308.48939
308.38847
308.27662
308.16452
308.05926
307.96474
307.88294
307.8147
307.76029
307.71967
307.69271
307.67927
309.66796
309.72142
309.81522
309.87756
309.89573
309.86972
309.80733
309.74817
309.69918
309.65984
309.62405
309.56393
309.47288
309.3499
309.20438
309.09414
309.02906
309.00784
309.01605
308.98015
308.88522
308.72939
308.52366
308.3374
308.18061
308.05138
307.94637
307.86264
307.79798
307.75077
307.71987
307.70459
309.89945
309.96232
310.07133
310.14703
310.17284
310.14791
310.08171
310.01789
309.96535
309.92373
309.8855
309.81982
309.71879
309.58189
309.42139
309.30106
309.2332
309.21581
309.23029
309.19496
309.09078
308.91524
308.68236
308.46857
308.28745
308.13822
308.01747
307.92179
307.84838
307.79507
307.76034
307.74321
310.02528
310.09019
310.2026
310.28199
310.31089
310.28806
310.22303
310.15978
310.10746
310.06572
310.02681
309.95958
309.856
309.71576
309.55171
309.4283
309.3582
309.33914
309.3517
309.31307
309.20343
309.0202
308.77794
308.55414
308.3633
308.20525
308.07691
307.97499
307.89669
307.8398
307.80273
307.78444
310.05627
310.12195
310.23587
310.31745
310.34915
310.3296
310.26819
310.20876
310.16029
310.12222
310.08665
310.02228
309.92096
309.78235
309.61927
309.49623
309.42594
309.40615
309.41748
309.37716
309.26541
309.07969
308.83469
308.60801
308.41429
308.25346
308.12257
308.0184
307.93823
307.87991
307.84186
307.82309
309.98977
310.05538
310.16975
310.25325
310.28902
310.27582
310.22269
310.1727
310.1341
310.10581
310.07956
310.0239
309.93047
309.79867
309.64091
309.52124
309.45227
309.43216
309.44232
309.40104
309.2893
309.1048
308.86193
308.63763
308.44603
308.28683
308.157
308.05345
307.97355
307.91529
307.87722
307.85842
309.80609
309.86576
309.97172
310.05172
310.09251
310.09341
310.06141
310.03496
310.0195
310.01252
310.00552
309.96819
309.89254
309.77757
309.63403
309.52191
309.45264
309.42542
309.42517
309.37706
309.26534
309.0883
308.85816
308.64626
308.4644
308.31199
308.18651
308.08551
308.00698
307.94936
307.91156
307.89283
309.51596
309.53981
309.58135
309.62807
309.67284
309.71324
309.75035
309.78784
309.82622
309.8617
309.88463
309.87867
309.83661
309.76081
309.66394
309.56964
309.48945
309.42321
309.35931
309.27494
309.15806
309.00761
308.83382
308.65883
308.49599
308.35175
308.22867
308.12735
308.04744
307.98832
307.94932
307.92995
309.43258
309.47031
309.54093
309.61857
309.69985
309.78712
309.88472
309.99821
310.13349
310.2937
310.46397
310.54245
310.51171
310.37339
310.15216
309.97912
309.87721
309.84458
309.85838
309.80944
309.67446
309.44988
309.15169
308.88131
308.65381
308.46667
308.31506
308.19462
308.10195
308.03451
307.99049
307.96876
309.3956
309.44006
309.52369
309.61924
309.72321
309.83832
309.96926
310.12158
310.30047
310.50681
310.72003
310.82755
310.80725
310.66149
310.42147
310.2317
310.12156
310.08977
310.10863
310.05823
309.90981
309.6589
309.32528
309.01978
308.76185
308.55016
308.37955
308.24491
308.14196
308.06743
308.019
307.99515
309.33997
309.38713
309.47605
309.5793
309.69321
309.82037
309.96525
310.133
310.32815
310.5505
310.77802
310.89651
310.88294
310.73986
310.49968
310.30872
310.19759
310.16527
310.18336
310.13066
309.97747
309.71919
309.37631
309.06092
308.79357
308.57358
308.39607
308.25594
308.14886
308.0714
308.02109
307.99633
309.23749
309.28483
309.37414
309.47801
309.59282
309.72117
309.86756
310.03712
310.23435
310.45905
310.68915
310.81042
310.79979
310.65979
310.42276
310.235
310.12711
310.09808
310.1195
310.07022
309.92052
309.66579
309.32646
309.01455
308.75055
308.53365
308.35893
308.22121
308.1161
308.04016
307.99087
307.96663
309.07285
309.11766
309.20215
309.29929
309.4058
309.52453
309.6602
309.81829
310.00391
310.21783
310.43941
310.55597
310.54525
310.40947
310.17961
310.00003
309.90003
309.87838
309.90757
309.86789
309.73067
309.49143
309.16973
308.87606
308.6295
308.42837
308.26721
308.14069
308.04437
307.9749
307.92985
307.9077
308.83991
308.87686
308.94675
309.02504
309.10947
309.20284
309.30939
309.43418
309.58257
309.75742
309.94385
310.04006
310.02846
309.9102
309.70908
309.55528
309.47132
309.4557
309.48661
309.45631
309.34244
309.14153
308.86878
308.6242
308.42145
308.25702
308.12538
308.0218
307.94266
307.88537
307.8481
307.82974
308.56429
308.57876
308.60605
308.64279
308.68691
308.73729
308.79311
308.85327
308.91557
308.97554
309.02472
309.04953
309.04382
309.00875
308.95313
308.89364
308.83895
308.79008
308.74083
308.67813
308.59523
308.49181
308.37432
308.25624
308.14586
308.04738
307.96267
307.89235
307.83649
307.7949
307.76734
307.75361
308.41109
308.41858
308.433
308.45335
308.47846
308.50703
308.5376
308.56841
308.59729
308.62154
308.63808
308.64395
308.6375
308.61887
308.58992
308.55342
308.51153
308.46504
308.41341
308.35538
308.29037
308.21916
308.144
308.06821
307.99503
307.9271
307.86641
307.81437
307.77193
307.73968
307.71801
307.70713
309.31898
309.32842
309.34225
309.35104
309.34881
309.33348
309.30649
309.27207
309.2328
309.18922
309.14002
309.0825
309.0158
308.94153
308.86417
308.79085
308.72479
308.66482
308.60524
308.53652
308.45333
308.35535
308.24743
308.13911
308.03711
307.94528
307.86565
307.79912
307.74601
307.70632
307.67997
307.66682
309.60516
309.65125
309.72984
309.78367
309.79927
309.77582
309.72099
309.6662
309.61873
309.57838
309.53921
309.479
309.39152
309.27661
309.14439
309.04083
308.97608
308.94865
308.94366
308.90231
308.80943
308.66328
308.47558
308.30149
308.15243
308.02832
307.92682
307.84558
307.78269
307.73668
307.70654
307.69163
309.82744
309.88204
309.97432
310.04038
310.0631
310.04088
309.98283
309.92389
309.8731
309.83045
309.78869
309.72309
309.62624
309.49847
309.35261
309.23972
309.1722
309.14787
309.14797
309.10664
309.00483
308.84029
308.62745
308.42764
308.25564
308.11251
307.99599
307.9033
307.83198
307.7801
307.74627
307.72958
309.94939
310.00591
310.1014
310.17095
310.19664
310.17647
310.11961
310.06126
310.01073
309.96799
309.92559
309.85853
309.75926
309.62835
309.47914
309.36332
309.29363
309.26762
309.26578
309.22119
309.11412
308.94219
308.72039
308.511
308.32968
308.17808
308.05425
307.95553
307.87949
307.82415
307.78805
307.77024
309.97991
310.03717
310.13414
310.20583
310.23425
310.21728
310.16396
310.10935
310.06256
310.02342
309.98429
309.92001
309.82297
309.69366
309.54541
309.42998
309.36012
309.33341
309.33039
309.28416
309.17503
309.0007
308.77624
308.56406
308.37993
308.22564
308.09932
307.99841
307.92056
307.86382
307.82677
307.80848
309.91629
309.97355
310.07106
310.14471
310.17713
310.16635
310.12103
310.07555
310.03834
310.00868
309.97861
309.92278
309.83339
309.71065
309.56752
309.45535
309.38682
309.35988
309.35581
309.30871
309.19959
309.02637
308.80386
308.59387
308.41171
308.25891
308.13358
308.03324
307.95562
307.89894
307.86186
307.84353
309.74074
309.79285
309.88322
309.95419
309.99173
309.9944
309.96903
309.94594
309.93093
309.92188
309.91055
309.87246
309.80006
309.69318
309.5632
309.45806
309.38939
309.35618
309.34294
309.28974
309.18063
309.01407
308.8029
308.60414
308.43092
308.28443
308.16314
308.06517
307.98883
307.93274
307.8959
307.87764
309.4671
309.48918
309.52762
309.57138
309.61379
309.65239
309.68798
309.72352
309.75924
309.79138
309.81091
309.80346
309.76248
309.69025
309.59855
309.50812
309.42964
309.363
309.29753
309.21328
309.09919
308.95432
308.7882
308.62042
308.46359
308.32417
308.20487
308.10645
308.02871
307.97113
307.93312
307.91424
309.38503
309.41931
309.48286
309.55498
309.63176
309.71464
309.80718
309.91392
310.03913
310.18332
310.32966
310.39717
310.36782
310.2437
310.05048
309.89271
309.79446
309.75462
309.75031
309.69424
309.56288
309.35302
309.08167
308.82957
308.6138
308.43449
308.28831
308.17173
308.08179
308.01623
307.97339
307.95224
309.3478
309.38842
309.46422
309.55341
309.6519
309.76147
309.88591
310.02966
310.19621
310.38376
310.57012
310.66493
310.64585
310.51569
310.30614
310.1334
310.02751
309.98792
309.98736
309.92924
309.78501
309.55064
309.24662
308.96179
308.7174
308.51482
308.35054
308.22036
308.12056
308.04819
308.0011
307.9779
309.29244
309.33566
309.41656
309.51317
309.62126
309.74246
309.88035
310.03897
310.22116
310.42409
310.62418
310.72956
310.71707
310.58969
310.38021
310.2065
310.09974
310.05966
310.05833
309.99797
309.8492
309.60786
309.29507
309.00087
308.74753
308.53703
308.36614
308.23072
308.12695
308.05176
308.00288
307.9788
309.19148
309.23488
309.31617
309.4134
309.52238
309.64476
309.78414
309.94454
310.12879
310.33404
310.53667
310.64479
310.6352
310.51084
310.30446
310.13391
310.03035
309.99351
309.99546
309.93846
309.79312
309.55526
309.24595
308.95517
308.7051
308.49764
308.32948
308.19641
308.09458
308.02087
307.97299
307.94941
309.03028
309.07128
309.14796
309.23874
309.33977
309.45291
309.58202
309.73146
309.90464
310.09967
310.29425
310.39795
310.3883
310.26794
310.06837
309.90566
309.80974
309.78015
309.78976
309.74217
309.60894
309.386
309.09363
308.82036
308.58709
308.39481
308.23976
308.11752
308.0242
307.95676
307.91299
307.89145
308.80376
308.83739
308.90039
308.97333
309.05331
309.14224
309.24358
309.36139
309.49946
309.65804
309.82025
309.90514
309.89451
309.78998
309.61641
309.47747
309.39687
309.37383
309.38644
309.34871
309.23801
309.0512
308.80456
308.57747
308.38573
308.22848
308.10171
308.00153
307.92478
307.8691
307.83285
307.81497
308.53854
308.55225
308.57814
308.61321
308.65546
308.70374
308.75716
308.81452
308.87353
308.92977
308.97523
308.99791
308.99211
308.95895
308.90659
308.84971
308.79636
308.74756
308.69768
308.63534
308.55437
308.45455
308.34188
308.22834
308.12179
308.0264
307.94413
307.87571
307.82128
307.78072
307.75383
307.74043
308.39026
308.39746
308.41133
308.43092
308.45509
308.48257
308.51193
308.54146
308.56902
308.59202
308.60751
308.6127
308.60605
308.58766
308.55928
308.52348
308.48228
308.43647
308.38558
308.32851
308.26477
308.19513
308.12177
308.04783
307.9764
307.91006
307.85076
307.79988
307.75835
307.7268
307.70559
307.69493
309.27348
309.28173
309.2936
309.30084
309.29791
309.28278
309.25666
309.22314
309.18459
309.14153
309.09282
309.03623
308.9711
308.89899
308.82409
308.75255
308.68733
308.6273
308.56724
308.49884
308.41725
308.32222
308.21822
308.11369
308.01494
307.92581
307.84835
307.78353
307.73171
307.69296
307.66721
307.65437
309.54233
309.58106
309.64447
309.68983
309.70284
309.68196
309.63465
309.58424
309.53829
309.49694
309.45438
309.39408
309.31018
309.20333
309.08439
308.98749
308.92308
308.88945
308.87129
308.82452
308.73368
308.59721
308.4275
308.26557
308.12424
308.00524
307.90726
307.82851
307.76738
307.72258
307.69321
307.67866
309.75541
309.80174
309.87733
309.93376
309.9534
309.93388
309.88396
309.82988
309.78085
309.73718
309.69191
309.62639
309.53371
309.41507
309.2838
309.17835
309.11118
309.07992
309.06569
309.01835
308.91893
308.76536
308.57253
308.38669
308.2238
308.08679
307.9745
307.88479
307.81557
307.76513
307.7322
307.71593
309.87349
309.92161
310.00021
310.05994
310.08242
310.06491
310.01619
309.96275
309.914
309.87026
309.8244
309.75749
309.66255
309.54096
309.40654
309.29832
309.22904
309.19609
309.17989
309.12936
309.02485
308.86422
308.66283
308.46785
308.29604
308.1509
308.03157
307.93605
307.86228
307.80849
307.77337
307.75602
309.90353
309.95238
310.03242
310.09424
310.11938
310.10499
310.05973
310.00993
309.96484
309.92461
309.88194
309.81777
309.72501
309.60499
309.47154
309.36371
309.29427
309.26066
309.24333
309.1912
309.0847
308.92174
308.71778
308.52008
308.34555
308.19779
308.07605
307.97841
307.90287
307.84772
307.81168
307.79386
309.84278
309.8917
309.97238
310.0362
310.06528
310.0569
310.01937
309.97839
309.94258
309.91155
309.87767
309.82169
309.73633
309.62265
309.49412
309.38944
309.32134
309.28758
309.26933
309.21642
309.10993
308.94797
308.74578
308.55009
308.37736
308.23098
308.11015
308.01301
307.93768
307.88257
307.84648
307.82863
309.67537
309.71992
309.79475
309.8567
309.89098
309.89541
309.87665
309.85693
309.84236
309.83124
309.81559
309.77675
309.70761
309.6088
309.49236
309.39419
309.32612
309.28692
309.26073
309.20246
309.09596
308.93986
308.74763
308.562
308.39743
308.25684
308.13976
308.04483
307.97067
307.9161
307.88023
307.86244
309.41822
309.43852
309.47386
309.51468
309.55472
309.59152
309.62559
309.65917
309.69223
309.72104
309.73717
309.72823
309.68832
309.61967
309.53313
309.44657
309.3698
309.30275
309.23573
309.1516
309.0403
308.90102
308.74257
308.58199
308.43118
308.29658
308.18106
308.08554
308.00998
307.95394
307.91692
307.89852
309.33746
309.3683
309.42477
309.49138
309.56365
309.64216
309.72965
309.82962
309.94476
310.07295
310.19542
310.25196
310.224
310.11407
309.94879
309.80627
309.71167
309.66465
309.64229
309.5791
309.45136
309.25622
309.01166
308.77781
308.57378
308.4023
308.26154
308.14882
308.06162
307.99794
307.95629
307.9357
309.29997
309.33676
309.40475
309.48757
309.58059
309.68461
309.80255
309.93772
310.09194
310.26072
310.42027
310.50238
310.48453
310.36995
310.1908
310.03507
309.93342
309.88606
309.86615
309.80031
309.66028
309.44244
309.16795
308.90378
308.67294
308.47946
308.32151
308.1958
308.09915
308.02894
307.98319
307.96064
309.24489
309.28418
309.35707
309.44704
309.54931
309.66455
309.79544
309.94493
310.11416
310.29769
310.47039
310.56269
310.55128
310.43957
310.26072
310.10425
310.00187
309.95405
309.93335
309.86535
309.721
309.49657
309.21382
308.94081
308.70147
308.50046
308.3362
308.20547
308.10503
308.03211
307.98465
307.96126
309.14544
309.18491
309.25819
309.34878
309.45194
309.56835
309.70071
309.85196
310.02322
310.20904
310.38424
310.47924
310.47069
310.36195
310.18616
310.0328
309.93356
309.88892
309.87146
309.80677
309.66579
309.44477
309.16544
308.89578
308.65964
308.4616
308.30001
308.17159
308.07304
308.00157
307.95509
307.93219
308.9877
309.02487
309.09376
309.17819
309.27373
309.3813
309.50384
309.64463
309.80538
309.98152
310.14916
310.24001
310.23142
310.12647
309.95713
309.81126
309.71942
309.68191
309.672
309.61652
309.48728
309.28062
309.01752
308.76465
308.54465
308.36124
308.2123
308.09433
308.00402
307.93862
307.89612
307.87519
308.7676
308.7979
308.85403
308.92163
308.99715
309.08165
309.17777
309.28859
309.41635
309.55867
309.69672
309.7703
309.76064
309.66982
309.52372
309.39964
309.3224
309.29195
309.28632
309.24118
309.13365
308.96093
308.74033
308.53073
308.34999
308.19992
308.07803
307.98125
307.90688
307.85282
307.81758
307.80019
308.51277
308.52573
308.55022
308.5836
308.62399
308.67018
308.7212
308.77574
308.83147
308.88399
308.92573
308.94626
308.94038
308.90913
308.86004
308.80577
308.75375
308.70502
308.65451
308.59254
308.51351
308.41728
308.30943
308.20043
308.0977
308.0054
307.92558
307.85906
307.80607
307.76654
307.7403
307.72723
308.36941
308.37632
308.38965
308.40847
308.4317
308.45809
308.48625
308.51448
308.54073
308.56247
308.57692
308.58144
308.57458
308.55644
308.52862
308.49352
308.45302
308.40788
308.35773
308.30162
308.23915
308.17109
308.09953
308.02743
307.95776
307.89301
307.8351
307.78537
307.74477
307.71391
307.69315
307.68273
309.22387
309.23107
309.24124
309.24708
309.24347
309.22848
309.2031
309.17044
309.13262
309.09018
309.04213
308.98661
308.92309
308.8531
308.78052
308.71076
308.64649
308.58666
308.52649
308.45868
308.37884
308.28676
308.18657
308.08582
307.99044
307.90414
307.82898
307.76599
307.71558
307.67785
307.65276
307.64024
309.476
309.50915
309.56247
309.6012
309.6119
309.5927
309.55019
309.50318
309.45868
309.417
309.37295
309.31322
309.2327
309.13246
309.02275
308.93119
308.86733
308.82945
308.80332
308.75306
308.66441
308.536
308.37935
308.22779
308.09376
307.97986
307.88553
307.80941
307.75015
307.70666
307.67812
307.66397
309.67952
309.7195
309.78373
309.83251
309.84937
309.8316
309.78694
309.73669
309.68934
309.64536
309.59857
309.53382
309.44512
309.33405
309.21314
309.11372
309.04714
309.01102
308.98793
308.93667
308.83981
308.6955
308.51751
308.34374
308.18951
308.05862
307.9507
307.86413
307.79716
307.74826
307.7163
307.7005
309.79345
309.83509
309.90214
309.95404
309.97361
309.9578
309.91434
309.86475
309.81772
309.77371
309.72637
309.66032
309.56951
309.45568
309.33182
309.22978
309.16117
309.12338
309.09831
309.04392
308.94217
308.79112
308.60501
308.42254
308.2598
308.12114
308.00648
307.91434
307.84299
307.79087
307.7568
307.73996
309.82297
309.86533
309.93377
309.9877
310.00986
309.99708
309.95699
309.91095
309.86747
309.82688
309.78265
309.71928
309.63059
309.51832
309.39542
309.29377
309.22502
309.18661
309.16046
309.10454
309.00087
308.84757
308.65897
308.47388
308.30851
308.16731
308.05031
307.95612
307.88306
307.82962
307.79465
307.77737
309.76528
309.80776
309.87693
309.93289
309.95891
309.95194
309.9193
309.88176
309.84723
309.81553
309.7798
309.72434
309.64279
309.53661
309.41844
309.31985
309.25243
309.21395
309.187
309.13038
309.02671
308.87431
308.68731
308.50405
308.34033
308.20039
308.08422
307.99047
307.91759
307.86417
307.82915
307.81182
309.60627
309.64504
309.70937
309.76413
309.79538
309.80063
309.78568
309.76827
309.75402
309.74145
309.72333
309.68436
309.61824
309.52603
309.41903
309.3265
309.25928
309.21606
309.18217
309.12081
309.01713
308.86992
308.69173
308.5175
308.36119
308.22656
308.11384
308.02213
307.95032
307.8974
307.86257
307.8453
309.36504
309.38371
309.41626
309.45424
309.49187
309.5267
309.55899
309.59048
309.62087
309.64654
309.6597
309.64949
309.61062
309.54522
309.46322
309.38029
309.30535
309.23836
309.17061
309.08713
308.97884
308.84507
308.69389
308.5404
308.39573
308.26615
308.15463
308.06221
307.98899
307.93462
307.89868
307.8808
309.28605
309.31406
309.36524
309.42695
309.49478
309.56882
309.65114
309.74443
309.85025
309.96516
310.07107
310.11913
310.0923
309.99325
309.84673
309.71623
309.62521
309.5737
309.54085
309.47338
309.34953
309.16675
308.94184
308.72368
308.53077
308.36713
308.232
308.12335
308.03908
307.97743
307.93706
307.91709
309.2484
309.28199
309.34401
309.42108
309.50866
309.607
309.71829
309.84495
309.98759
310.14049
310.28085
310.35287
310.33595
310.2334
310.07499
309.93283
309.83532
309.78308
309.75175
309.68125
309.54571
309.34191
309.08949
308.84326
308.62529
308.44095
308.28954
308.16855
308.07527
308.00738
307.96309
307.94124
309.19364
309.22963
309.29634
309.38028
309.47675
309.58586
309.70958
309.84996
310.00698
310.17396
310.3269
310.4087
310.39806
310.29844
310.14055
309.99786
309.89975
309.8471
309.815
309.74243
309.60281
309.39283
309.13266
308.8781
308.65212
308.46065
308.30326
308.17749
308.08059
308.01012
307.9642
307.94155
309.09586
309.13203
309.19913
309.28368
309.38103
309.4913
309.61648
309.75859
309.91761
310.08684
310.24224
310.3267
310.31887
310.22217
310.06729
309.92765
309.83263
309.78311
309.75419
309.68486
309.54855
309.34191
309.08509
308.8338
308.61095
308.42238
308.26759
308.14408
308.04903
307.97997
307.935
307.91283
308.94186
308.97585
309.03878
309.11748
309.20757
309.30942
309.42525
309.55744
309.7065
309.86662
310.01493
310.09553
310.08769
309.99459
309.84581
309.71332
309.62544
309.58288
309.56138
309.50103
309.37604
309.18317
308.94186
308.70663
308.49923
308.32469
308.18205
308.0686
307.98149
307.91829
307.87716
307.85689
308.72858
308.75618
308.8072
308.87004
308.94119
309.02115
309.11194
309.21585
309.33402
309.46278
309.58395
309.64866
309.63969
309.55926
309.43143
309.31895
309.24495
309.20976
309.19339
309.14364
309.0395
308.87849
308.67675
308.48203
308.31164
308.16872
308.05186
307.95866
307.88684
307.83453
307.80038
307.78352
308.48428
308.49649
308.51962
308.5513
308.58973
308.63371
308.6822
308.73383
308.78624
308.83513
308.87346
308.89197
308.88594
308.85635
308.81006
308.75821
308.70758
308.6592
308.60857
308.54729
308.47035
308.3777
308.27446
308.16996
308.07114
307.98208
307.90486
307.84038
307.78894
307.75052
307.725
307.71228
308.3461
308.35271
308.36545
308.38345
308.40567
308.43089
308.45775
308.4846
308.50944
308.52987
308.54322
308.54704
308.53994
308.52203
308.49478
308.4604
308.42065
308.37628
308.32698
308.27194
308.21085
308.14449
308.07483
308.00469
307.93691
307.87389
307.81747
307.769
307.72941
307.6993
307.67904
307.66886
309.17424
309.18039
309.18886
309.1933
309.18903
309.17416
309.14952
309.11771
309.08064
309.03882
308.99143
308.93697
308.87506
308.80721
308.73694
308.66896
308.60563
308.54599
308.48573
308.41851
308.34041
308.25128
308.15491
308.05794
307.96592
307.88245
307.8096
307.74845
307.69944
307.66273
307.6383
307.6261
309.40966
309.43724
309.48048
309.51259
309.521
309.50346
309.46574
309.42213
309.37907
309.33706
309.29153
309.23237
309.15523
309.0616
308.9611
308.87487
308.81157
308.76944
308.73537
308.68162
308.59517
308.47481
308.3312
308.19001
308.06327
307.95448
307.86379
307.79029
307.73292
307.69074
307.66302
307.64927
309.60362
309.63724
309.69014
309.73128
309.74536
309.72934
309.68993
309.6435
309.59782
309.55356
309.50525
309.44127
309.35654
309.25305
309.14247
309.04906
308.98308
308.94213
308.91019
308.85501
308.76072
308.62566
308.4625
308.30079
308.1552
308.03043
307.92688
307.84346
307.77873
307.73138
307.70039
307.68507
309.71339
309.74857
309.80409
309.84816
309.86482
309.85071
309.8125
309.76677
309.72144
309.67716
309.62835
309.56318
309.47648
309.37042
309.25709
309.16123
309.09328
309.05066
309.01675
308.95852
308.85953
308.71805
308.54719
308.37723
308.22355
308.09137
307.98137
307.89262
307.82369
307.77324
307.74022
307.7239
309.74239
309.77826
309.83514
309.88119
309.90036
309.88919
309.85426
309.81197
309.7701
309.72916
309.68337
309.6208
309.53619
309.43166
309.31928
309.22382
309.15576
309.11256
309.07761
309.01791
308.91707
308.77342
308.60016
308.42767
308.27145
308.13681
308.02456
307.93381
307.86323
307.81151
307.77762
307.76086
309.68776
309.72382
309.78149
309.8296
309.85256
309.84701
309.81925
309.78514
309.75189
309.71952
309.68195
309.62702
309.54927
309.45059
309.34275
309.25023
309.1835
309.14031
309.10468
309.04436
308.94351
308.80068
308.62885
308.458
308.30327
308.16978
308.05827
307.96792
307.89748
307.84576
307.81181
307.795
309.53716
309.57015
309.62401
309.67158
309.69981
309.70587
309.69472
309.67962
309.66567
309.65167
309.63108
309.59197
309.52888
309.44326
309.3457
309.2588
309.19242
309.1452
309.10363
309.03919
308.93832
308.79999
308.63584
308.473
308.32493
308.19627
308.08792
307.99943
307.92997
307.87869
307.84491
307.82814
309.31184
309.32888
309.35864
309.39379
309.42899
309.46185
309.49238
309.52176
309.54948
309.57201
309.58221
309.57073
309.5329
309.47076
309.3933
309.31399
309.24087
309.17396
309.10548
309.02264
308.91736
308.7891
308.64519
308.4988
308.36026
308.2357
308.12818
308.03887
307.96798
307.91529
307.88042
307.86308
309.23462
309.25981
309.30571
309.36251
309.4259
309.49546
309.57262
309.65924
309.75573
309.85738
309.94676
309.98636
309.96066
309.87247
309.74466
309.62618
309.53872
309.48275
309.43945
309.3677
309.24773
309.07732
308.87202
308.66954
308.48774
308.33195
308.20245
308.09787
308.01653
307.95691
307.91782
307.89847
309.1968
309.22721
309.28326
309.35459
309.43673
309.52939
309.63402
309.75217
309.88325
310.02027
310.14148
310.20343
310.18743
310.09689
309.95919
309.83058
309.7372
309.6801
309.63739
309.56223
309.43118
309.24142
309.01103
308.78272
308.57763
308.40243
308.25756
308.14129
308.05138
307.98581
307.94298
307.92184
309.14237
309.17506
309.23561
309.31351
309.40419
309.50717
309.62372
309.75499
309.8998
310.05025
310.18346
310.25478
310.24491
310.15736
310.02038
309.89145
309.79761
309.74015
309.69668
309.61955
309.48467
309.28912
309.05149
308.81538
308.60275
308.42083
308.2703
308.14949
308.05615
307.98812
307.94373
307.92183
309.04625
309.07913
309.14007
309.21858
309.31012
309.41425
309.53224
309.66522
309.812
309.96466
310.10029
310.17423
310.16711
310.08244
309.94842
309.82249
309.73169
309.6773
309.63696
309.56301
309.43137
309.23909
309.00473
308.77181
308.56224
308.38314
308.23515
308.11655
308.025
307.95836
307.9149
307.89346
308.896
308.92682
308.98381
309.05676
309.14141
309.23754
309.34665
309.47024
309.60763
309.75174
309.88076
309.95112
309.94403
309.86275
309.73449
309.61536
309.53145
309.48385
309.45079
309.38558
309.26486
309.08577
308.86621
308.6486
308.45379
308.28812
308.15179
308.04285
307.95894
307.89794
307.85819
307.83858
308.68955
308.71445
308.76037
308.81846
308.88522
308.96064
309.0461
309.14311
309.2517
309.36691
309.47122
309.52709
309.51881
309.44875
309.33913
309.23824
309.16748
309.12757
309.10051
309.04615
308.9454
308.79609
308.61319
308.43332
308.27328
308.13751
308.02568
307.93607
307.86678
307.81622
307.78317
307.76684
308.45577
308.46724
308.48901
308.51898
308.55546
308.59722
308.64318
308.69191
308.74099
308.78626
308.82117
308.83767
308.83148
308.80356
308.76007
308.71063
308.66139
308.61337
308.56262
308.50203
308.42719
308.33811
308.23948
308.13947
308.04457
307.95874
307.88412
307.82169
307.77179
307.73449
307.7097
307.69733
308.32278
308.32908
308.34124
308.35842
308.37962
308.40367
308.42923
308.4547
308.47815
308.49726
308.50951
308.51262
308.50529
308.48761
308.46093
308.42727
308.38827
308.34466
308.29621
308.24224
308.18254
308.11787
308.05012
307.98195
307.91605
307.85474
307.79983
307.75263
307.71404
307.68468
307.66492
307.65499
309.12114
309.12638
309.13343
309.13664
309.13174
309.11696
309.09293
309.06191
309.0256
308.98449
308.9379
308.8846
308.82432
308.75852
308.69043
308.62419
308.56192
308.50272
308.44273
308.37636
308.30013
308.21392
308.1212
308.02795
307.93931
307.85875
307.78832
307.72909
307.68158
307.64595
307.62222
307.61038
309.34084
309.36432
309.40067
309.42774
309.43417
309.41764
309.38303
309.342
309.30031
309.25849
309.21261
309.15449
309.08049
308.99223
308.89843
308.81646
308.75394
308.70917
308.67043
308.61478
308.53065
308.41699
308.28332
308.15093
308.03092
307.9271
307.84009
307.7693
307.71391
307.67311
307.64626
307.63294
309.5251
309.55398
309.59895
309.63419
309.64585
309.63085
309.59489
309.5514
309.5073
309.46329
309.41469
309.352
309.27096
309.17369
309.07075
308.9822
308.91706
308.87302
308.83577
308.77841
308.68682
308.55954
308.40789
308.25651
308.11894
308.00014
307.901
307.82083
307.75845
307.71273
307.68277
307.66794
309.63051
309.66084
309.70826
309.74625
309.76036
309.7472
309.71244
309.66967
309.62594
309.58197
309.53291
309.46912
309.38625
309.28661
309.18111
309.09025
309.02323
308.97756
308.93836
308.87803
308.78195
308.64859
308.48966
308.33047
308.18523
308.05939
307.95412
307.86885
307.80246
307.75378
307.72188
307.70609
309.65895
309.68994
309.73868
309.77858
309.79513
309.78483
309.75324
309.7138
309.67344
309.63269
309.58658
309.52532
309.44449
309.34635
309.24179
309.15135
309.08424
309.03802
308.99783
308.9361
308.83824
308.7028
308.54156
308.37994
308.23225
308.10405
307.99661
307.90943
307.84143
307.79153
307.75878
307.74258
309.6075
309.63873
309.68833
309.7303
309.75053
309.74565
309.72095
309.68936
309.65726
309.62476
309.58655
309.53264
309.45841
309.36587
309.26566
309.17805
309.11226
309.06613
309.02537
308.96308
308.86522
308.7305
308.57054
308.4104
308.26406
308.13688
308.0301
307.94326
307.87538
307.82545
307.79264
307.77638
309.46538
309.49406
309.54062
309.58256
309.60804
309.61418
309.60511
309.59146
309.5777
309.56273
309.54081
309.502
309.44166
309.36136
309.27068
309.18833
309.12302
309.07344
309.02752
308.96163
308.86374
308.73297
308.57977
308.42677
308.28643
308.16364
308.05973
307.97458
307.90758
307.85805
307.82538
307.80916
309.25504
309.27062
309.29789
309.33038
309.36317
309.39394
309.42251
309.44968
309.47479
309.49445
309.50212
309.48959
309.45273
309.39347
309.31993
309.24395
309.17274
309.10636
309.03792
308.95624
308.85416
308.73125
308.59415
308.45461
308.32218
308.20274
308.09936
308.01331
307.9449
307.89398
307.86026
307.84348
309.18001
309.20288
309.24464
309.29708
309.3562
309.42129
309.49331
309.57352
309.66161
309.75239
309.82985
309.863
309.83816
309.75807
309.64323
309.53408
309.45004
309.39176
309.34273
309.26902
309.15313
308.99314
308.80295
308.61385
308.44236
308.29425
308.17044
308.07008
307.9918
307.93433
307.8966
307.87792
309.14213
309.1699
309.22118
309.28732
309.3642
309.45116
309.54916
309.65908
309.7796
309.90334
310.01033
310.06436
310.04896
309.96742
309.84424
309.72624
309.63682
309.57722
309.52818
309.45087
309.32454
309.1467
308.93354
308.72064
308.52752
308.36126
308.22301
308.11161
308.02523
307.9621
307.92083
307.90043
309.08808
309.11802
309.17359
309.24602
309.33103
309.42786
309.53724
309.65967
309.79326
309.92978
310.04817
310.11119
310.10173
310.02322
309.90094
309.78281
309.69307
309.63316
309.58342
309.50426
309.37434
309.19112
308.97121
308.75104
308.55087
308.37829
308.23471
308.11903
308.0294
307.96396
307.9212
307.90008
308.99375
309.02388
309.07983
309.15287
309.23875
309.33672
309.4475
309.57162
309.70715
309.84584
309.96662
310.0322
310.02545
309.94975
309.83037
309.71519
309.62843
309.57154
309.52486
309.44881
309.32206
309.14204
308.92532
308.70826
308.51106
308.34123
308.20013
308.08659
307.99871
307.93461
307.89276
307.8721
308.8475
308.87569
308.92791
308.9957
309.07506
309.16546
309.26787
309.38313
309.50984
309.64055
309.75518
309.81746
309.81078
309.73829
309.62436
309.51564
309.43551
309.38521
309.34563
309.27805
309.1618
308.99436
308.79172
308.58922
308.40607
308.24906
308.11909
308.01481
307.93425
307.87556
307.83726
307.81837
308.64817
308.67086
308.7128
308.76667
308.82921
308.90009
308.98025
309.07061
309.17051
309.27455
309.36659
309.4156
309.40772
309.34526
309.2481
309.15609
309.08839
309.04589
309.0128
308.9561
308.8589
308.71933
308.55073
308.38342
308.23288
308.10405
307.99729
307.91137
307.84475
307.79602
307.76413
307.74837
308.42481
308.43558
308.45603
308.4843
308.51877
308.55825
308.60161
308.64739
308.69319
308.73502
308.76682
308.78145
308.77505
308.7485
308.70737
308.6601
308.61228
308.56489
308.51448
308.4549
308.38228
308.2967
308.20244
308.10681
308.01582
307.93331
307.86139
307.8011
307.75284
307.71672
307.69271
307.68072
308.29719
308.30317
308.31472
308.33104
308.35117
308.37397
308.39816
308.42218
308.44417
308.46192
308.47305
308.47543
308.46785
308.45038
308.42425
308.39132
308.35312
308.31035
308.26284
308.21005
308.15183
308.08894
308.02319
307.95707
307.89316
307.83367
307.78035
307.73449
307.69698
307.66843
307.64921
307.63955
309.06801
309.07236
309.07799
309.07997
309.07445
309.05974
309.03633
309.00609
308.97054
308.93015
308.88436
308.83221
308.77357
308.70983
308.6439
308.5794
308.51818
308.45944
308.39971
308.33421
308.25983
308.17654
308.08748
307.99795
307.9127
307.83505
307.76702
307.70973
307.66371
307.62916
307.60614
307.59464
309.27201
309.29139
309.32087
309.34291
309.34736
309.33183
309.30033
309.26189
309.22155
309.17992
309.13371
309.07663
309.00576
308.92287
308.83575
308.75804
308.6963
308.6489
308.60551
308.54796
308.46616
308.35919
308.23545
308.11184
307.99855
307.89971
307.81637
307.74831
307.69489
307.65546
307.62949
307.6166
309.44657
309.47071
309.50778
309.53712
309.54636
309.53239
309.49987
309.45931
309.41678
309.37304
309.32415
309.26275
309.18539
309.09434
308.99902
308.91533
308.85103
308.80392
308.76137
308.70183
308.61295
308.49344
308.35328
308.21222
308.08266
307.96983
307.87511
307.79818
307.73815
307.69407
307.66513
307.65081
309.54762
309.5731
309.61244
309.64435
309.65592
309.64371
309.61239
309.57257
309.53045
309.48677
309.43749
309.37507
309.29604
309.20281
309.10512
309.01927
308.95317
308.90446
308.85998
308.79757
308.7044
308.57914
308.43212
308.28371
308.1469
308.0274
307.92685
307.84508
307.78122
307.73431
307.70352
307.68828
309.5755
309.60162
309.64223
309.676
309.68992
309.68049
309.65223
309.61565
309.57677
309.53623
309.4898
309.42985
309.35281
309.26104
309.16429
309.07887
309.01271
308.96348
308.91806
308.85431
308.75945
308.6322
308.48296
308.33221
308.19305
308.07128
307.96864
307.88502
307.81963
307.77153
307.73994
307.72429
309.52723
309.55364
309.59518
309.63101
309.64853
309.64432
309.62265
309.59359
309.56264
309.53001
309.49118
309.43828
309.36756
309.28116
309.18856
309.10586
309.04101
308.99195
308.94606
308.88183
308.78696
308.66033
308.51223
308.36279
308.22483
308.10397
308.00192
307.91858
307.85326
307.80513
307.77346
307.75775
309.3936
309.41796
309.45724
309.49354
309.51629
309.52252
309.51551
309.50331
309.48972
309.4738
309.45054
309.41205
309.35445
309.27946
309.19565
309.11785
309.05362
309.00167
308.95142
308.88409
308.78917
308.66597
308.5237
308.38053
308.24791
308.13099
308.03152
307.94972
307.88519
307.8374
307.80585
307.79017
309.19821
309.21234
309.23713
309.26695
309.29733
309.32601
309.35262
309.37759
309.40009
309.41687
309.42201
309.40843
309.37254
309.31617
309.24655
309.17389
309.10459
309.03876
308.97034
308.88984
308.79095
308.67338
308.54311
308.41042
308.28408
308.16976
308.07053
307.98774
307.9218
307.87266
307.84009
307.82386
309.12538
309.14595
309.18356
309.23164
309.28649
309.34711
309.414
309.4878
309.56748
309.64742
309.71297
309.73968
309.7157
309.64371
309.54181
309.44197
309.36135
309.30078
309.24604
309.17038
309.05856
308.90897
308.73388
308.55816
308.39698
308.25653
308.13842
308.04227
307.96707
307.91174
307.87537
307.85735
309.08744
309.11257
309.15908
309.22006
309.29165
309.37292
309.46429
309.56599
309.67595
309.78643
309.87921
309.92535
309.91054
309.83798
309.7293
309.6219
309.53644
309.47433
309.41899
309.33955
309.21793
309.05201
308.85604
308.65856
308.47741
308.32008
308.18845
308.08192
307.99906
307.93839
307.89866
307.87902
309.03377
309.06097
309.11156
309.17851
309.25788
309.34855
309.45075
309.56435
309.68672
309.80932
309.91293
309.96765
309.95861
309.88911
309.7815
309.67416
309.58852
309.52617
309.47018
309.389
309.26405
309.09314
308.89094
308.6867
308.49897
308.33574
308.19911
308.08856
308.00264
307.93979
307.89866
307.87833
308.94124
308.96862
309.0196
309.08716
309.16738
309.25918
309.36277
309.47803
309.6023
309.72704
309.83299
309.89021
309.88383
309.8171
309.71233
309.60789
309.52517
309.46578
309.41278
309.33465
309.2128
309.04501
308.84591
308.6447
308.45987
308.29932
308.16509
308.05662
307.97241
307.91086
307.87061
307.85073
308.79898
308.82454
308.87202
308.93464
309.00871
309.09337
309.18909
309.29603
309.41207
309.52938
309.62965
309.68385
309.67758
309.61387
309.51423
309.41592
309.33955
309.28657
309.24049
309.17056
309.05878
308.90297
308.71723
308.52983
308.35835
308.20999
308.08638
307.98675
307.90954
307.85316
307.81633
307.79814
308.60678
308.62727
308.66523
308.71488
308.77319
308.83954
308.91439
308.99811
309.08933
309.18221
309.262
309.30417
309.29667
309.2418
309.15707
309.07394
309.00929
308.96421
308.92512
308.86609
308.77244
308.64259
308.48829
308.33351
308.19247
308.07059
307.96889
307.88667
307.8227
307.77582
307.74509
307.72989
308.39385
308.40391
308.42304
308.4496
308.48208
308.51927
308.56002
308.60285
308.64537
308.68376
308.71247
308.72522
308.71861
308.69344
308.65465
308.60957
308.56316
308.5164
308.46633
308.40777
308.33737
308.25528
308.16539
308.07414
307.98706
307.90786
307.83865
307.7805
307.73389
307.69896
307.67571
307.6641
308.27158
308.27725
308.28818
308.30364
308.3227
308.34426
308.36708
308.38965
308.41018
308.42657
308.43658
308.43824
308.4304
308.41313
308.38755
308.35535
308.31795
308.27602
308.22947
308.17785
308.12111
308.06001
307.99625
307.93219
307.87026
307.81259
307.76087
307.71635
307.67992
307.65217
307.63349
307.62409
309.01198
309.01557
309.02003
309.02096
309.01488
309.0002
308.9773
308.94779
308.913
308.87339
308.82852
308.77759
308.72059
308.65881
308.59493
308.53212
308.47206
308.41399
308.35486
308.29045
308.21803
308.1376
308.05204
307.96612
307.88423
307.80953
307.74398
307.68869
307.64422
307.61081
307.58854
307.5774
309.20144
309.21785
309.24254
309.2608
309.26359
309.2486
309.21914
309.18267
309.1436
309.10252
309.05668
309.00095
308.93295
308.85446
308.7724
308.69815
308.6374
308.58861
308.54271
308.48448
308.40509
308.30377
308.18792
308.0718
307.96465
307.87059
307.79091
307.7256
307.67422
307.63623
307.61117
307.59873
309.36632
309.38696
309.41843
309.44326
309.45045
309.43698
309.40675
309.36844
309.32737
309.28429
309.23588
309.17609
309.10213
309.01621
308.92672
308.84701
308.78377
308.73498
308.68948
308.62911
308.54303
308.43015
308.29923
308.16705
308.04482
307.93773
307.84739
307.77376
307.71614
307.67375
307.6459
307.63209
309.46286
309.48474
309.51831
309.54555
309.55493
309.54318
309.51412
309.47657
309.43593
309.39295
309.3442
309.2835
309.20801
309.12009
309.02842
308.94669
308.88175
308.8314
308.78402
308.72088
308.63074
308.51244
308.37507
308.23597
308.10692
307.99353
307.89769
307.81946
307.75821
307.71314
307.68352
307.66884
309.49014
309.51265
309.54745
309.57647
309.58813
309.57904
309.55295
309.51851
309.48102
309.44107
309.39508
309.33677
309.26322
309.17673
309.086
309.0047
308.93972
308.88889
308.84063
308.77622
308.68447
308.56426
308.42478
308.28345
308.15215
308.03658
307.93873
307.85874
307.79602
307.7498
307.71941
307.70434
309.44514
309.46797
309.50373
309.5348
309.54996
309.54588
309.52609
309.49883
309.46891
309.43653
309.39781
309.34625
309.27874
309.19737
309.1106
309.03193
308.96825
308.91765
308.86901
308.80418
308.71241
308.59275
308.45427
308.3141
308.18387
308.06911
307.97176
307.892
307.82932
307.78305
307.75257
307.73745
309.31993
309.3411
309.37516
309.40706
309.42736
309.43317
309.42713
309.41574
309.4022
309.38567
309.36177
309.32388
309.26874
309.19806
309.11945
309.04538
308.98242
308.9294
308.877
308.80947
308.71767
308.60099
308.46763
308.33301
308.20754
308.09632
308.0013
307.92291
307.86094
307.81497
307.78458
307.76947
309.1384
309.15125
309.17384
309.20118
309.22919
309.2557
309.28023
309.30295
309.32293
309.3371
309.34009
309.32567
309.29068
309.23681
309.17057
309.10093
309.03361
308.96874
308.901
308.82212
308.72657
308.61415
308.49027
308.36413
308.24377
308.13459
308.03958
307.96015
307.89679
307.84951
307.81814
307.80251
309.06811
309.08678
309.121
309.1652
309.21596
309.2722
309.33408
309.40183
309.47404
309.54509
309.60177
309.62356
309.60019
309.53417
309.44145
309.34885
309.27147
309.21023
309.15283
309.07696
308.96936
308.82867
308.6657
308.50148
308.34974
308.21669
308.10425
308.01239
307.94035
307.88725
307.85231
307.83498
309.03024
309.05316
309.0957
309.152
309.21854
309.2942
309.37908
309.47296
309.57342
309.67282
309.7547
309.79462
309.7801
309.71415
309.61584
309.51672
309.43501
309.37217
309.31386
309.2342
309.11745
308.96178
308.77976
308.59558
308.42543
308.27671
308.15166
308.05007
307.97085
307.91272
307.87461
307.85575
308.977
309.00188
309.04829
309.11027
309.18418
309.26878
309.36393
309.4691
309.5813
309.69217
309.78432
309.8324
309.82346
309.76058
309.66349
309.5646
309.48284
309.41985
309.36095
309.2797
309.15988
308.99961
308.81184
308.62141
308.44516
308.29095
308.16123
308.0559
307.97381
307.91364
307.87421
307.85471
308.88637
308.91144
308.95824
309.02082
309.09558
309.18128
309.27781
309.3846
309.49868
309.61164
309.70608
309.75662
309.75029
309.69012
309.5958
309.49974
309.42085
309.36075
309.30479
309.22651
309.10971
308.95249
308.76773
308.58026
308.40681
308.2552
308.12781
308.02449
307.94406
307.88515
307.84659
307.82752
308.74831
308.77168
308.81519
308.87314
308.94214
309.02116
309.1103
309.20933
309.31574
309.42183
309.51104
309.55883
309.55265
309.49535
309.40587
309.31563
309.24281
309.1889
309.13964
309.06926
308.96208
308.81623
308.64412
308.4697
308.3089
308.16885
308.05155
307.95664
307.88287
307.8289
307.79359
307.77614
308.56342
308.58211
308.61682
308.6627
308.71698
308.77887
308.84854
308.92596
309.00943
309.09309
309.16364
309.20046
309.19309
309.14367
309.06761
308.99125
308.92947
308.88339
308.84131
308.78165
308.69166
308.57
308.42701
308.28288
308.15047
308.03523
307.93855
307.86007
307.79883
307.75387
307.72436
307.70974
308.36072
308.3701
308.38797
308.41284
308.4433
308.47816
308.51628
308.55617
308.5955
308.63066
308.65655
308.66758
308.66069
308.63663
308.5998
308.55666
308.51167
308.46578
308.41643
308.35917
308.29109
308.2124
308.12665
308.0396
307.9564
307.88053
307.81408
307.75816
307.71326
307.67957
307.65713
307.64592
308.24391
308.24925
308.25955
308.27411
308.29206
308.31233
308.33372
308.35478
308.37382
308.38883
308.39771
308.39862
308.39052
308.37342
308.34837
308.31691
308.28034
308.23931
308.1938
308.14346
308.08828
308.02902
307.96732
307.90537
307.8455
307.78972
307.73967
307.69657
307.66127
307.63437
307.61626
307.60715
308.95593
308.95878
308.96205
308.96194
308.95529
308.94065
308.91827
308.88947
308.85545
308.81663
308.77266
308.72297
308.6676
308.60779
308.54594
308.48483
308.42592
308.36854
308.31
308.24668
308.17621
308.09865
308.01659
307.93429
307.85576
307.78401
307.72093
307.66765
307.62473
307.59246
307.57093
307.56016
309.13086
309.14431
309.16422
309.17869
309.17984
309.16538
309.13797
309.10346
309.06565
309.02513
308.97967
308.92528
308.86015
308.78605
308.70905
308.63826
308.57849
308.52832
308.47992
308.421
308.34403
308.24836
308.1404
308.03176
307.93074
307.84146
307.76543
307.70288
307.65353
307.61698
307.59284
307.58084
309.28606
309.30322
309.32909
309.34941
309.35455
309.34159
309.31363
309.27757
309.23796
309.19555
309.14762
309.08945
309.01887
308.93808
308.85442
308.77868
308.71651
308.66604
308.6176
308.55641
308.47314
308.36687
308.24519
308.12187
308.00697
307.90561
307.81966
307.74932
307.69412
307.65343
307.62665
307.61337
309.3781
309.39639
309.4242
309.44676
309.45397
309.44266
309.41586
309.38057
309.34141
309.29914
309.25093
309.19195
309.11998
309.03737
308.95172
308.87411
308.81033
308.75834
308.70807
308.64421
308.5571
308.44574
308.31803
308.18823
308.06693
307.95965
307.86851
307.79383
307.7352
307.69196
307.66351
307.6494
309.40478
309.42367
309.45267
309.47695
309.48635
309.47761
309.45367
309.42139
309.38526
309.34591
309.30038
309.24371
309.17363
309.09243
309.00769
308.93053
308.86674
308.81431
308.76322
308.69816
308.60951
308.49633
308.36661
308.23468
308.11123
308.00188
307.90881
307.83244
307.7724
307.72807
307.69887
307.68439
309.36304
309.3823
309.41229
309.43861
309.4514
309.44746
309.42953
309.40408
309.37518
309.34306
309.30446
309.25424
309.18992
309.11359
309.03263
308.95799
308.89549
308.84334
308.79196
308.72655
308.63789
308.52518
308.39632
308.26541
308.14289
308.03423
307.94159
307.8654
307.80537
307.76096
307.73168
307.71713
309.24625
309.26424
309.29309
309.32058
309.33843
309.34384
309.33876
309.32816
309.31468
309.29754
309.273
309.23572
309.18304
309.11665
309.04324
308.9729
308.91122
308.85713
308.80259
308.73487
308.64617
308.53602
308.41156
308.28548
308.16717
308.06165
307.97108
307.8961
307.83668
307.79252
307.7633
307.74876
309.07857
309.09014
309.11054
309.1354
309.16103
309.18538
309.20782
309.22829
309.24575
309.25732
309.25816
309.2429
309.2088
309.15745
309.09459
309.02796
308.96261
308.89871
308.83165
308.7544
308.66219
308.55491
308.43743
308.31783
308.20346
308.09941
308.00862
307.93256
307.87177
307.82635
307.79618
307.78115
309.01084
309.02761
309.05844
309.09874
309.14543
309.19728
309.25415
309.31586
309.3806
309.44277
309.4906
309.50748
309.4847
309.42465
309.3411
309.25573
309.18159
309.11968
309.05963
308.98356
308.88018
308.74838
308.59753
308.44479
308.3025
308.17684
308.07007
307.98249
307.91362
307.86276
307.82924
307.8126
308.97302
308.99374
309.03232
309.08394
309.14541
309.21548
309.29387
309.37994
309.47089
309.55923
309.63023
309.66392
309.6497
309.59034
309.5024
309.41154
309.33358
309.27002
309.20875
309.12889
309.01699
308.87156
308.70348
308.5326
308.37344
308.23332
308.11485
308.01821
307.94262
307.88704
307.85055
307.83248
308.92021
308.94279
308.98503
309.04203
309.11048
309.189
309.27711
309.37384
309.47589
309.57504
309.65574
309.6972
309.68836
309.63208
309.54548
309.45504
309.37716
309.31352
309.25174
309.17043
309.05573
308.9061
308.73274
308.55612
308.39135
308.24614
308.12335
308.02322
307.94496
307.88747
307.84976
307.83109
308.83149
308.85425
308.89688
308.95448
309.02377
309.10339
309.19285
309.29118
309.39506
309.49626
309.57921
309.62308
309.61678
309.56316
309.47928
309.3916
309.31653
309.25573
309.19681
309.11841
309.00666
308.85998
308.68956
308.5158
308.35375
308.21107
308.09053
307.99235
307.9157
307.85944
307.82255
307.8043
308.69763
308.7188
308.75837
308.81165
308.87556
308.94894
309.03152
309.12264
309.21942
309.31429
309.39246
309.43386
309.42776
309.37685
309.29751
309.21534
309.14607
309.09123
309.0388
308.96799
308.86541
308.72951
308.57101
308.40957
308.25944
308.12769
308.01671
307.92651
307.8562
307.80463
307.77084
307.75413
308.52006
308.53694
308.56841
308.61052
308.66076
308.71819
308.78268
308.85382
308.92953
309.00399
309.06531
309.09679
309.08954
309.04556
308.97816
308.90857
308.84964
308.80257
308.75751
308.69723
308.61091
308.49743
308.36575
308.23225
308.10846
307.99986
307.9082
307.83346
307.77496
307.73191
307.70361
307.68959
308.32757
308.33628
308.35289
308.37607
308.40451
308.43704
308.47253
308.50948
308.54562
308.57756
308.60062
308.60993
308.60277
308.57981
308.54494
308.50373
308.46017
308.41515
308.36653
308.31057
308.24481
308.16952
308.08789
308.00506
307.92572
307.85319
307.78951
307.7358
307.69262
307.66017
307.63854
307.62773
308.21622
308.22123
308.2309
308.24457
308.2614
308.28038
308.30034
308.31991
308.33745
308.35108
308.35883
308.359
308.35062
308.3337
308.30918
308.27845
308.24271
308.20259
308.15812
308.10905
308.05543
307.99802
307.93837
307.87855
307.82073
307.76685
307.71847
307.67678
307.64262
307.61657
307.59902
307.59019
308.89748
308.89972
308.90203
308.90103
308.89388
308.87924
308.85729
308.82916
308.7959
308.75792
308.71495
308.66653
308.61278
308.55485
308.49493
308.43547
308.37778
308.3213
308.26362
308.2016
308.13316
308.0584
307.97969
307.90088
307.82566
307.75686
307.69629
307.64506
307.60375
307.57266
307.55189
307.54151
309.05908
309.07039
309.08694
309.09858
309.09836
309.08413
309.05808
309.02509
308.98844
308.94873
308.90408
308.85122
308.78873
308.71828
308.64524
308.57734
308.51872
308.4681
308.41864
308.35994
308.28545
308.19465
308.09317
307.99098
307.89555
307.81082
307.73838
307.6786
307.63133
307.59625
307.57306
307.56152
309.20471
309.21932
309.24117
309.25808
309.2615
309.24872
309.22228
309.18794
309.14968
309.10821
309.06124
309.00489
308.93741
308.8609
308.78185
308.70943
308.64852
308.59742
308.54767
308.48665
308.40626
308.30572
308.1917
308.07606
307.96786
307.87196
307.79031
307.72327
307.67053
307.63158
307.60591
307.59317
309.29214
309.3078
309.33144
309.35043
309.35581
309.34459
309.31929
309.28573
309.24795
309.20665
309.15947
309.10239
309.03367
308.95551
308.87464
308.8005
308.73808
308.68552
308.63401
308.57046
308.48645
308.38114
308.26149
308.13981
308.02562
307.92418
307.83766
307.76654
307.71057
307.66922
307.64197
307.62845
309.31819
309.33444
309.35922
309.37986
309.38734
309.3786
309.35604
309.32537
309.2905
309.25202
309.20741
309.15258
309.08569
309.00891
308.92895
308.85526
308.79285
308.73991
308.68762
308.62294
308.53747
308.43045
308.30889
308.18518
308.06895
307.96554
307.87718
307.80445
307.74713
307.70474
307.67678
307.6629
309.27976
309.29639
309.32219
309.34483
309.35558
309.35143
309.33459
309.31041
309.2824
309.25079
309.21279
309.16409
309.10268
309.03052
308.95416
308.8829
308.82176
308.76914
308.71664
308.65167
308.56619
308.45957
308.33876
308.21594
308.10051
307.99769
307.90969
307.83709
307.77975
307.73726
307.70921
307.69526
309.17124
309.18687
309.21192
309.23595
309.25162
309.25629
309.25147
309.24119
309.22765
309.21015
309.18541
309.14891
309.09842
309.03556
308.96622
308.89901
308.83878
308.78457
308.72937
308.6624
308.57689
308.4725
308.35554
308.23697
308.12527
308.02524
307.93907
307.86754
307.81073
307.76845
307.74043
307.72648
309.0163
309.02675
309.04519
309.06775
309.09108
309.11322
309.13351
309.15171
309.16678
309.176
309.17502
309.15907
309.12579
309.07661
309.01667
308.95278
308.88945
308.82687
308.76101
308.68578
308.59701
308.49468
308.38321
308.26983
308.16128
308.06232
307.97579
307.90316
307.84501
307.80151
307.7726
307.75817
308.95139
308.96657
308.99454
309.03134
309.07416
309.12175
309.17378
309.22984
309.28797
309.34283
309.38387
309.39696
309.37457
309.31887
309.24196
309.16225
309.09119
309.02978
308.96911
308.89411
308.79504
308.67098
308.5302
308.38744
308.2538
308.1352
308.03402
307.95075
307.88511
307.83654
307.80449
307.78857
308.91375
308.9326
308.96778
309.01515
309.07179
309.1364
309.2085
309.28723
309.36966
309.4487
309.51114
309.53987
309.52567
309.4711
309.39067
309.30631
309.2319
309.1689
309.1069
309.02826
308.92132
308.78485
308.62841
308.46912
308.32003
308.18813
308.07613
307.98446
307.91256
307.8596
307.82477
307.80751
308.86143
308.88202
308.92066
308.97309
309.03632
309.1089
309.19017
309.27894
309.37181
309.46102
309.5326
309.56869
309.55968
309.50818
309.4292
309.3454
309.27119
309.20821
309.14581
309.06587
308.9564
308.8161
308.65487
308.49033
308.33608
308.1995
308.08351
307.98862
307.91426
307.85952
307.82357
307.80575
308.77471
308.79549
308.8345
308.88754
308.95159
309.02525
309.10785
309.19819
309.29286
309.38408
309.45786
309.49631
309.48978
309.44087
309.36455
309.28345
309.21199
309.15178
309.09217
309.01507
308.90846
308.77104
308.61265
308.45088
308.29927
308.16513
308.05132
307.95832
307.8855
307.83196
307.7968
307.77939
308.64519
308.6645
308.70068
308.74971
308.80877
308.87664
308.95287
309.03654
309.12468
309.2101
309.27953
309.31576
309.30949
309.26315
309.19111
309.11521
309.04928
308.9948
308.94142
308.87159
308.77369
308.64643
308.49927
308.34908
308.20869
308.08484
307.98004
307.89458
307.82776
307.77866
307.74644
307.73049
308.47505
308.49043
308.51916
308.55787
308.60426
308.65736
308.71685
308.78209
308.85089
308.91769
308.97184
308.99909
308.99173
308.95159
308.89031
308.82591
308.76966
308.72272
308.67666
308.61701
308.53441
308.42798
308.30555
308.18117
308.06519
307.96289
307.87614
307.80515
307.74944
307.70835
307.6813
307.66789
308.29252
308.30058
308.31598
308.3375
308.36392
308.39412
308.42697
308.46102
308.4941
308.52301
308.54352
308.55123
308.54375
308.52165
308.4884
308.44892
308.40677
308.36282
308.31523
308.26081
308.19744
308.12544
308.04774
307.96895
307.89338
307.82417
307.76329
307.71186
307.67043
307.63927
307.61848
307.60809
308.18666
308.19134
308.20036
308.21312
308.2288
308.24645
308.26495
308.28298
308.299
308.31124
308.31787
308.3173
308.30862
308.29186
308.26784
308.23783
308.20295
308.1638
308.12045
308.07271
308.02072
307.96522
307.90766
307.85
307.79428
307.74235
307.6957
307.65547
307.62249
307.59733
307.58037
307.57184
308.83902
308.84064
308.84199
308.8401
308.83247
308.81783
308.7963
308.76884
308.73634
308.6992
308.65723
308.61009
308.55795
308.50191
308.4439
308.38609
308.32964
308.27404
308.21723
308.15651
308.09009
308.01814
307.94278
307.86746
307.79556
307.7297
307.67165
307.62247
307.58276
307.55284
307.53285
307.52285
308.98729
308.99647
309.00965
309.01847
309.01689
309.0029
308.9782
308.94672
308.91124
308.87233
308.82849
308.77718
308.71731
308.6505
308.58142
308.51641
308.45895
308.40789
308.35738
308.29889
308.22688
308.14095
308.04595
307.9502
307.86035
307.78017
307.71133
307.65432
307.60912
307.57552
307.55327
307.5422
309.12335
309.13543
309.15327
309.16676
309.16847
309.15586
309.13093
309.09831
309.0614
309.02087
308.97486
308.92033
308.85595
308.78372
308.70927
308.64017
308.58053
308.52881
308.47774
308.4169
308.3394
308.24458
308.13822
308.03026
307.92874
307.83831
307.76095
307.69722
307.64694
307.60972
307.58517
307.57297
309.20618
309.21921
309.2387
309.25411
309.25765
309.24654
309.22273
309.1909
309.15449
309.11417
309.06801
309.01285
308.94737
308.87366
308.79757
308.72689
308.66583
308.61271
308.55995
308.49671
308.41581
308.31655
308.20496
308.09138
307.98431
307.8887
307.8068
307.73925
307.68593
307.64646
307.62042
307.60749
309.23161
309.2452
309.26578
309.28278
309.28834
309.2796
309.25841
309.22936
309.19575
309.15813
309.11446
309.06147
308.99776
308.92539
308.8502
308.77998
308.71897
308.6655
308.61203
308.54773
308.46546
308.36458
308.25118
308.13568
308.02667
307.92919
307.84555
307.77646
307.72186
307.6814
307.65468
307.6414
309.19648
309.21048
309.23209
309.25106
309.25977
309.25541
309.23964
309.21674
309.18963
309.15853
309.12112
309.07395
309.01544
308.94746
308.87568
308.80779
308.74803
308.69494
308.64133
308.57679
308.4945
308.39397
308.28121
308.16646
308.05813
307.96114
307.87778
307.80877
307.75413
307.71356
307.68673
307.67338
309.09622
309.10951
309.13075
309.15133
309.16482
309.16875
309.16418
309.15422
309.14062
309.12276
309.09782
309.0621
309.01381
308.95446
308.88919
308.8251
308.76633
308.71201
308.65616
308.58994
308.50762
308.40899
308.29953
308.18846
308.08336
307.98882
307.90706
307.83898
307.78477
307.74436
307.71755
307.70419
308.95402
308.96334
308.97983
309.0001
309.02112
309.04106
309.05919
309.07513
309.08779
309.09467
309.09186
309.07525
309.04278
308.99577
308.93874
308.87759
308.81628
308.75502
308.69037
308.61716
308.53183
308.43445
308.32898
308.22183
308.11909
308.02522
307.94295
307.87375
307.81825
307.77667
307.749
307.73519
308.89194
308.90553
308.93064
308.96394
309.00289
309.04622
309.09341
309.14382
309.19534
309.24289
309.27716
309.28646
309.26446
309.21312
309.14283
309.06878
309.00079
308.93988
308.87859
308.80467
308.70991
308.5936
308.46288
308.33008
308.20509
308.09356
307.99795
307.919
307.85659
307.81031
307.77974
307.76454
308.85448
308.87145
308.90324
308.94635
308.99815
309.05731
309.12313
309.19452
309.26845
309.33819
309.39208
309.41584
309.40167
309.35188
309.27896
309.20109
309.13022
309.06779
309.00508
308.92766
308.82568
308.69815
308.55336
308.40564
308.26662
308.14293
308.03739
307.95069
307.88249
307.83214
307.79898
307.78254
308.80263
308.82125
308.85628
308.90416
308.96215
309.0288
309.10323
309.18403
309.26774
309.34703
309.4095
309.44023
309.43103
309.38429
309.31293
309.23576
309.16522
309.10291
309.03989
308.96134
308.85709
308.72612
308.577
308.42452
308.28081
308.15285
308.04367
307.95401
307.88354
307.83157
307.79737
307.78041
308.71791
308.73671
308.77212
308.82059
308.87941
308.94712
309.02285
309.1052
309.19067
309.27192
309.33654
309.36957
309.36281
309.3186
309.24983
309.1753
309.10745
309.04783
308.98755
308.91175
308.81029
308.68212
308.53575
308.38596
308.24479
308.11918
308.01211
307.92427
307.8553
307.80446
307.77104
307.75447
308.59274
308.61019
308.64299
308.68776
308.74197
308.80434
308.87422
308.95044
309.02994
309.10592
309.16662
309.1977
309.19125
309.14947
309.08472
309.01509
308.95249
308.89836
308.84406
308.7752
308.68199
308.56338
308.42753
308.28858
308.15792
308.04197
307.94337
307.86263
307.79931
307.75268
307.72203
307.70684
308.43004
308.44391
308.4699
308.50521
308.54776
308.59653
308.65101
308.71036
308.77225
308.83141
308.87839
308.90141
308.89394
308.85763
308.80246
308.74326
308.68967
308.64287
308.59583
308.53681
308.45794
308.35853
308.24535
308.13008
308.02192
307.92591
307.84408
307.77684
307.72391
307.68478
307.65899
307.64618
308.25746
308.26488
308.27906
308.29893
308.32332
308.35119
308.3814
308.41255
308.44256
308.46846
308.4864
308.49253
308.48472
308.46348
308.43185
308.39409
308.35336
308.31048
308.26393
308.21104
308.15007
308.08136
308.00757
307.93282
307.86103
307.79515
307.73707
307.6879
307.64824
307.61837
307.59842
307.58844
308.15709
308.16143
308.16982
308.18166
308.19619
308.21251
308.22954
308.24605
308.26055
308.2714
308.2769
308.27558
308.26662
308.25
308.22648
308.1972
308.16318
308.125
308.08276
308.03637
307.98601
307.9324
307.87693
307.82143
307.76782
307.71784
307.67291
307.63415
307.60235
307.57808
307.56172
307.55348
308.77861
308.77974
308.78029
308.77767
308.76959
308.75494
308.73378
308.70692
308.67519
308.63893
308.59802
308.55219
308.50164
308.44739
308.39121
308.33501
308.27986
308.22532
308.16959
308.11032
308.04599
307.97678
307.90463
307.83268
307.76403
307.7011
307.64557
307.59847
307.56041
307.53169
307.51249
307.50288
308.91465
308.92232
308.93313
308.93985
308.93715
308.9232
308.89941
308.86909
308.8347
308.79676
308.75401
308.70433
308.64688
308.58315
308.51729
308.45475
308.39858
308.34777
308.29721
308.23959
308.17011
308.08846
307.99894
307.90882
307.82408
307.74821
307.68288
307.62863
307.58553
307.55342
307.53215
307.52154
309.04133
309.05157
309.06653
309.07743
309.07772
309.06507
309.04113
309.00986
308.9742
308.93478
308.89005
308.83744
308.77591
308.70729
308.63659
308.57034
308.51212
308.46056
308.40932
308.34941
308.27483
308.18507
308.08522
307.98398
307.88859
307.80333
307.73018
307.66973
307.62192
307.58647
307.56305
307.5514
309.1195
309.13062
309.14709
309.15978
309.16178
309.15055
309.1277
309.09721
309.06207
309.0229
308.97808
308.92495
308.86245
308.79251
308.72033
308.65264
308.59311
308.54024
308.48739
308.42522
308.34747
308.25358
308.14889
308.04246
307.94192
307.85186
307.77448
307.71048
307.65984
307.62229
307.59747
307.58514
309.14428
309.15593
309.17345
309.18765
309.19158
309.18263
309.16229
309.13445
309.10199
309.06542
309.02298
308.97194
308.91116
308.84253
308.77124
308.70402
308.64456
308.59138
308.53788
308.47472
308.39569
308.30028
308.19389
308.08565
307.98327
307.89145
307.81242
307.74696
307.69511
307.65661
307.63116
307.6185
309.11247
309.12454
309.14309
309.15921
309.16616
309.16136
309.14615
309.12412
309.0978
309.06738
309.03086
308.98532
308.92945
308.86498
308.79693
308.73194
308.67371
308.62095
308.56737
308.50402
308.42498
308.32986
308.22401
308.1164
308.0146
307.92318
307.84435
307.77893
307.72701
307.68839
307.66281
307.65008
309.02028
309.03182
309.05025
309.06808
309.07964
309.08261
309.07783
309.06783
309.0541
309.03605
309.01119
308.97636
308.93002
308.87359
308.8116
308.75021
308.69303
308.6393
308.58383
308.51904
308.43998
308.34652
308.24355
308.13916
308.0402
307.95091
307.87349
307.80886
307.7573
307.71879
307.69321
307.68046
308.88978
308.89811
308.91285
308.93098
308.94977
308.9675
308.98343
308.99712
309.00751
309.01227
309.0079
308.99075
308.95903
308.9139
308.8594
308.80076
308.74149
308.68184
308.61881
308.54792
308.4661
308.37349
308.27369
308.17245
308.07534
307.98649
307.90848
307.84274
307.78993
307.75031
307.72392
307.71074
308.83073
308.84296
308.86559
308.8957
308.93098
308.9702
309.01275
309.05789
309.10356
309.14503
309.17399
309.18032
309.15851
309.11034
309.04492
308.97535
308.91029
308.8507
308.79018
308.71826
308.62785
308.51842
308.39631
308.27228
308.15523
308.05042
307.96029
307.88563
307.82648
307.78253
307.75346
307.739
308.79354
308.8089
308.83771
308.87691
308.92411
308.97798
309.03776
309.10227
309.16856
309.23043
309.27743
309.29716
309.2828
309.23642
309.16901
309.09627
309.02876
308.96781
308.90594
308.83077
308.7338
308.61423
308.47942
308.34191
308.21213
308.09624
307.99703
307.91527
307.85079
307.8031
307.77165
307.75603
308.74222
308.75912
308.79097
308.83463
308.88762
308.9485
309.01633
309.08963
309.16506
309.23584
309.29089
309.31719
309.3076
309.26423
309.19845
309.12654
309.05948
308.99876
308.93669
308.86057
308.7616
308.63896
308.50026
308.35847
308.22445
308.1047
308.00217
307.91772
307.85119
307.80201
307.7696
307.75352
308.65957
308.67665
308.70887
308.75312
308.80692
308.86885
308.93796
309.01278
309.08993
309.16264
309.21978
309.24833
309.24111
309.20021
309.13696
309.06763
309.00318
308.94509
308.88568
308.81224
308.71598
308.59605
308.46002
308.32081
308.18924
308.07176
307.97126
307.88857
307.82347
307.77539
307.74373
307.72803
308.53886
308.55471
308.58454
308.62539
308.67497
308.73202
308.79577
308.86501
308.93674
309.00468
309.05832
309.08517
309.07832
309.03973
308.98026
308.91555
308.85608
308.80322
308.74951
308.68266
308.59417
308.48321
308.35701
308.22791
308.10616
307.99771
307.90514
307.8291
307.7693
307.72518
307.69613
307.68172
308.38366
308.39623
308.41985
308.45205
308.49096
308.53554
308.58521
308.63904
308.69477
308.74749
308.78877
308.80837
308.8006
308.76693
308.71611
308.66092
308.60984
308.56397
308.51729
308.45979
308.38468
308.29144
308.18605
308.0787
307.97764
307.88758
307.81054
307.74702
307.69689
307.65976
307.63524
307.62306
308.22073
308.22754
308.24056
308.25879
308.28119
308.30672
308.33432
308.36263
308.3897
308.41278
308.42837
308.43304
308.42485
308.40427
308.37398
308.33776
308.29844
308.25678
308.2115
308.16034
308.1018
308.03629
307.96623
307.89534
307.82723
307.76464
307.70937
307.6625
307.62463
307.59608
307.577
307.56744
308.12585
308.12986
308.13759
308.1485
308.16187
308.17683
308.19238
308.20733
308.22031
308.22978
308.23415
308.23209
308.22282
308.20633
308.18329
308.15473
308.12159
308.08442
308.04335
307.99837
307.94968
307.898
307.84465
307.79133
307.73986
307.69186
307.6487
307.61144
307.58086
307.5575
307.54175
307.53381
308.71819
308.71882
308.71859
308.71522
308.70672
308.69205
308.67125
308.64501
308.61403
308.57866
308.53879
308.49427
308.44532
308.39287
308.3385
308.28392
308.23007
308.17659
308.12195
308.06413
308.00188
307.93541
307.86648
307.7979
307.73249
307.67249
307.61949
307.57447
307.53804
307.51053
307.49212
307.4829
308.84201
308.84817
308.85661
308.86123
308.85742
308.8435
308.82061
308.79147
308.75817
308.7212
308.67954
308.6315
308.57646
308.51581
308.45315
308.39309
308.33821
308.28764
308.23704
308.18029
308.11334
308.03597
307.95193
307.86744
307.78779
307.71625
307.65442
307.60294
307.56192
307.53132
307.51101
307.50088
308.95931
308.96772
308.97979
308.98812
308.98699
308.97429
308.95135
308.92141
308.887
308.8487
308.80524
308.75456
308.69587
308.63087
308.56391
308.5005
308.44371
308.39232
308.34091
308.28193
308.21028
308.12556
308.03222
307.9377
307.84842
307.76835
307.69939
307.64223
307.5969
307.56322
307.54093
307.52983
309.03282
309.04203
309.05548
309.06545
309.06592
309.05457
309.03268
309.00352
308.96966
308.93165
308.88816
308.83705
308.77753
308.71138
308.6431
308.5784
308.52038
308.46776
308.41484
308.35373
308.27914
308.19062
308.09283
307.99354
307.89952
307.81502
307.74215
307.6817
307.63374
307.5981
307.57452
307.56279
309.05695
309.06667
309.08112
309.09253
309.09484
309.08566
309.06617
309.03955
309.00824
308.97271
308.93151
308.88242
308.82456
308.75968
308.69228
308.62805
308.57014
308.51726
308.46374
308.40172
308.32593
308.23599
308.1366
308.03561
307.93987
307.8537
307.77928
307.71746
307.66835
307.63182
307.60763
307.59559
309.02846
309.03861
309.05409
309.06737
309.07257
309.06732
309.05267
309.03151
309.00597
308.97624
308.94061
308.8967
308.84347
308.78251
308.71818
308.65609
308.59939
308.54696
308.49342
308.43126
308.35546
308.26575
308.16681
308.06634
307.97106
307.8852
307.81092
307.74909
307.69988
307.66321
307.63889
307.62678
308.94433
308.95414
308.96975
308.98485
308.99446
308.99648
308.99148
308.98145
308.96759
308.94933
308.92456
308.89061
308.84624
308.79272
308.73402
308.67531
308.61972
308.56659
308.51151
308.44815
308.37234
308.28405
308.18757
308.08986
307.99703
307.913
307.83992
307.77873
307.72981
307.69321
307.66887
307.65672
308.82552
308.83287
308.84587
308.86186
308.87841
308.89394
308.90767
308.91911
308.92722
308.92987
308.92395
308.90626
308.87527
308.83202
308.78006
308.72392
308.6667
308.60865
308.54725
308.47868
308.40037
308.31253
308.21839
308.12306
308.03159
307.94775
307.874
307.81171
307.7616
307.72394
307.69883
307.68629
308.76951
308.78039
308.80054
308.82746
308.85907
308.89417
308.93209
308.97197
309.01178
309.04717
309.07083
309.0742
309.05259
309.00758
308.94701
308.88193
308.81979
308.76153
308.70178
308.63186
308.5458
308.44325
308.32974
308.21448
308.10537
308.00728
307.92261
307.85226
307.79636
307.75475
307.72718
307.71345
308.7326
308.74635
308.77218
308.80747
308.85005
308.89865
308.95239
309.01002
309.06868
309.12268
309.1628
309.1785
309.16395
309.12099
309.05906
308.99147
308.9273
308.86784
308.80681
308.7339
308.64193
308.53033
308.40549
308.27817
308.15762
308.04955
307.95666
307.87984
307.81909
307.77405
307.7443
307.72952
308.68181
308.69699
308.72565
308.76509
308.81308
308.8682
308.92943
308.99523
309.06239
309.12468
309.1723
309.19419
309.18419
309.14419
309.08397
309.01733
308.95374
308.89461
308.8335
308.75981
308.66612
308.55182
308.42354
308.29241
308.16808
308.05654
307.96067
307.88143
307.81882
307.77244
307.74183
307.72663
308.60122
308.61658
308.64562
308.68565
308.73443
308.79058
308.85307
308.92036
308.98921
309.05337
309.10305
309.12712
309.11944
309.08184
309.02409
308.95996
308.89891
308.84236
308.78383
308.71275
308.62168
308.50999
308.38429
308.25566
308.13369
308.02433
307.93041
307.85286
307.79164
307.74632
307.71642
307.70158
308.48498
308.49921
308.52608
308.56302
308.60798
308.65969
308.71733
308.77958
308.84355
308.90346
308.95004
308.97267
308.96541
308.93001
308.87581
308.81602
308.75968
308.70808
308.65498
308.59014
308.50637
308.40306
308.28649
308.16725
308.0544
307.95343
307.8669
307.79555
307.73929
307.69766
307.67021
307.65658
308.33726
308.34855
308.3698
308.3989
308.43415
308.47454
308.5194
308.56773
308.6173
308.66359
308.69916
308.71535
308.70728
308.67625
308.62977
308.57858
308.53
308.48507
308.43876
308.38278
308.31144
308.22435
308.12675
308.02731
307.93336
307.84925
307.77699
307.7172
307.66987
307.63473
307.61149
307.59993
308.184
308.19019
308.20204
308.21866
308.23905
308.26225
308.28724
308.31271
308.33683
308.35709
308.37034
308.37354
308.36498
308.34505
308.31611
308.28143
308.2435
308.20306
308.15907
308.10963
308.05354
307.99122
307.92488
307.85786
307.79343
307.73413
307.68167
307.63709
307.60102
307.57379
307.55556
307.54644
308.0946
308.09827
308.10535
308.11533
308.12753
308.14114
308.1552
308.16861
308.18007
308.18815
308.1914
308.18859
308.17902
308.16266
308.14009
308.11225
308.07998
308.04382
308.00393
307.96036
307.91334
307.8636
307.81236
307.76123
307.71188
307.66587
307.62448
307.58873
307.55936
307.53692
307.52177
307.51414
308.47432
308.47335
308.4706
308.46478
308.45478
308.44
308.42043
308.39644
308.36843
308.33663
308.30108
308.26178
308.21899
308.17332
308.12579
308.07743
308.02887
307.98008
307.93035
307.87878
307.82485
307.7689
307.71215
307.6564
307.60346
307.55488
307.51181
307.47503
307.44512
307.42243
307.40718
307.39953
308.55384
308.55585
308.55777
308.55631
308.54893
308.53466
308.51405
308.48854
308.45926
308.42651
308.38985
308.3485
308.30225
308.25201
308.19983
308.1483
308.09893
308.05136
308.0034
307.95195
307.89503
307.83274
307.76735
307.70248
307.64131
307.58594
307.53758
307.49686
307.4641
307.43946
307.423
307.41476
308.63501
308.63829
308.64228
308.64297
308.6372
308.62377
308.60329
308.57747
308.54766
308.51421
308.47655
308.43369
308.38534
308.33257
308.27786
308.22427
308.17354
308.12515
308.07631
308.02314
307.96309
307.89618
307.82506
307.75404
307.68692
307.62622
307.57334
307.52898
307.4934
307.46672
307.44894
307.44006
308.69012
308.69392
308.69882
308.70063
308.69601
308.68363
308.66406
308.639
308.6098
308.5768
308.53937
308.49646
308.4478
308.39447
308.33905
308.28469
308.23317
308.18389
308.13394
308.07925
308.01716
307.94769
307.87361
307.79941
307.72913
307.66546
307.60994
307.56331
307.52592
307.49787
307.47919
307.46985
308.71164
308.71585
308.72156
308.72453
308.7214
308.71076
308.69313
308.67013
308.64301
308.61204
308.5765
308.53529
308.48806
308.43588
308.38129
308.32744
308.27613
308.22677
308.17645
308.12115
308.05822
307.98771
307.91245
307.837
307.76543
307.70051
307.64381
307.59614
307.55787
307.52913
307.50998
307.5004
308.69615
308.7008
308.70748
308.71206
308.71128
308.70371
308.68976
308.67087
308.64809
308.62147
308.59014
308.55285
308.50914
308.45997
308.40779
308.3557
308.3055
308.25671
308.20658
308.15129
308.08836
308.01792
307.94279
307.86747
307.79597
307.73103
307.67422
307.62636
307.58788
307.55894
307.53963
307.52997
308.64292
308.64769
308.65504
308.6615
308.66426
308.66201
308.65486
308.64371
308.62906
308.61049
308.58681
308.55657
308.51915
308.47531
308.42725
308.37785
308.32891
308.28022
308.22958
308.17381
308.11093
308.04121
307.96731
307.89333
307.82299
307.75885
307.7025
307.65483
307.61634
307.58731
307.5679
307.55818
308.56659
308.57047
308.57727
308.58544
308.59349
308.60035
308.60539
308.6081
308.60768
308.60278
308.59157
308.57221
308.54386
308.50709
308.4639
308.41683
308.36771
308.31684
308.26306
308.20455
308.14021
308.07048
307.99746
307.92435
307.85431
307.78985
307.73275
307.68413
307.64469
307.61485
307.59486
307.58484
308.52309
308.52932
308.54086
308.55623
308.57411
308.59359
308.614
308.63454
308.65376
308.66899
308.67604
308.67017
308.64877
308.6127
308.56621
308.5153
308.46414
308.41342
308.36051
308.30108
308.23224
308.15414
308.07017
307.98569
307.90546
307.83262
307.76896
307.71539
307.67234
307.63999
307.61841
307.60761
308.48759
308.49576
308.51113
308.53215
308.5574
308.5859
308.61681
308.64903
308.68058
308.70797
308.72591
308.72853
308.71257
308.67898
308.63288
308.58149
308.52983
308.47884
308.42541
308.36434
308.29212
308.20881
308.11829
308.02679
307.93982
307.86102
307.79237
307.73482
307.68875
307.65424
307.63127
307.6198
308.43901
308.44821
308.4656
308.48957
308.51867
308.5518
308.588
308.626
308.66355
308.69685
308.72024
308.72753
308.71525
308.68437
308.64018
308.59015
308.53954
308.48933
308.43634
308.37523
308.30235
308.21777
308.12549
308.03196
307.94294
307.86221
307.7919
307.73298
307.68585
307.65057
307.6271
307.61539
308.36677
308.37614
308.3939
308.41843
308.4483
308.48239
308.51976
308.55911
308.5982
308.6332
308.65844
308.66769
308.65749
308.62876
308.58678
308.539
308.49066
308.44275
308.39206
308.33324
308.26266
308.18034
308.09027
307.99887
307.91184
307.83295
307.76428
307.70678
307.6608
307.6264
307.60354
307.59213
308.26836
308.27705
308.29348
308.31614
308.34367
308.3751
308.40959
308.446
308.48233
308.515
308.53869
308.54743
308.53791
308.511
308.47172
308.42723
308.38252
308.3385
308.29206
308.23803
308.17287
308.09661
308.01303
307.92824
307.84762
307.77465
307.71122
307.65815
307.61575
307.58404
307.56296
307.55244
308.15016
308.15704
308.17003
308.18785
308.20941
308.23387
308.26057
308.2886
308.31637
308.34107
308.35841
308.36354
308.35371
308.32957
308.29515
308.25626
308.21694
308.17795
308.1368
308.08935
308.03284
307.96738
307.89613
307.82414
307.75579
307.69387
307.63992
307.59464
307.55833
307.53109
307.51294
307.50387
308.03381
308.03769
308.04511
308.05547
308.06807
308.08219
308.09702
308.11158
308.1246
308.13444
308.13917
308.13697
308.1268
308.10881
308.08429
308.05507
308.02259
307.98742
307.94917
307.90706
307.86068
307.81057
307.75824
307.70583
307.65548
307.60895
307.5675
307.53201
307.50308
307.4811
307.46633
307.4589
307.96585
307.96821
307.97271
307.979
307.98657
307.9948
308.00297
308.01026
308.01573
308.0184
308.01729
308.01157
308.00077
307.98481
307.96403
307.93897
307.9102
307.87815
307.84307
307.80519
307.76489
307.72282
307.67994
307.63744
307.59655
307.55843
307.52409
307.49434
307.46984
307.45107
307.43837
307.43197
308.21087
308.20819
308.20272
308.19427
308.18266
308.16777
308.14952
308.12795
308.10313
308.0752
308.04431
308.01065
307.9745
307.93616
307.89598
307.85432
307.8115
307.76778
307.72338
307.67854
307.63359
307.589
307.54539
307.50346
307.46398
307.42772
307.39535
307.36748
307.3446
307.3271
307.31528
307.30932
308.24269
308.24027
308.23524
308.22727
308.21605
308.20139
308.18322
308.16159
308.13663
308.10846
308.07722
308.04309
308.00631
307.96725
307.92632
307.88397
307.84055
307.79627
307.75124
307.70557
307.65947
307.61341
307.56807
307.5243
307.48302
307.44508
307.41125
307.38215
307.3583
307.34008
307.32778
307.32158
308.28489
308.2827
308.27805
308.27056
308.25982
308.24557
308.22772
308.20631
308.18145
308.15327
308.12188
308.08745
308.05024
308.01062
307.96906
307.92602
307.88186
307.83677
307.79079
307.74394
307.69642
307.64867
307.60144
307.55569
307.51242
307.47261
307.43708
307.40651
307.38146
307.36234
307.34943
307.34293
308.32014
308.31816
308.31392
308.30699
308.29693
308.28341
308.26631
308.24563
308.22146
308.19388
308.163
308.12895
308.09198
308.05245
308.01083
307.96759
307.92309
307.87749
307.83083
307.78312
307.73454
307.68556
307.63697
307.58977
307.54505
307.50384
307.46701
307.43531
307.40931
307.38946
307.37606
307.36931
308.33884
308.33716
308.33352
308.32746
308.31849
308.30627
308.29061
308.27147
308.24886
308.22283
308.19342
308.16073
308.12494
308.0864
308.04557
308.00288
307.9587
307.91321
307.86645
307.81844
307.76939
307.7198
307.6705
307.62252
307.57698
307.53496
307.49736
307.46497
307.43838
307.41807
307.40435
307.39743
308.33739
308.33616
308.33342
308.32869
308.32148
308.31139
308.29817
308.28168
308.26186
308.23863
308.21195
308.18181
308.14835
308.11185
308.07271
308.03138
307.9882
307.9434
307.89705
307.84923
307.80019
307.75049
307.70096
307.65269
307.60681
307.56441
307.52644
307.49367
307.46676
307.44618
307.43227
307.42526
308.31747
308.31686
308.31537
308.31256
308.30794
308.30106
308.29157
308.2792
308.26368
308.24478
308.2223
308.19608
308.16614
308.13268
308.09605
308.05667
308.01492
307.97107
307.92529
307.87777
307.82884
307.77913
307.72951
307.68106
307.63495
307.59226
307.55395
307.52086
307.49363
307.47278
307.45868
307.45158
308.28688
308.28704
308.28717
308.2869
308.28578
308.2833
308.27897
308.27225
308.26265
308.24962
308.23272
308.21158
308.18606
308.15626
308.1225
308.0852
308.04482
308.00171
307.95619
307.90857
307.85931
307.80909
307.75885
307.70967
307.66275
307.6192
307.58006
307.54617
307.51826
307.49687
307.4824
307.4751
308.2569
308.25814
308.26042
308.26335
308.26643
308.26907
308.27061
308.27032
308.26739
308.26096
308.2502
308.23441
308.21323
308.18671
308.15528
308.11958
308.08024
308.03772
307.99232
307.94427
307.894
307.84222
307.79001
307.73866
307.68953
307.6439
307.60289
307.56742
307.53823
307.51588
307.50076
307.49314
308.22293
308.22511
308.22923
308.23486
308.24145
308.24828
308.25457
308.25941
308.26179
308.26059
308.25473
308.2433
308.2258
308.20222
308.17305
308.13902
308.10086
308.05907
308.01396
307.96574
307.91483
307.86198
307.80836
307.7554
307.70458
307.65733
307.61483
307.57807
307.54783
307.52468
307.50903
307.50114
308.17675
308.17951
308.18477
308.19208
308.20082
308.21024
308.21946
308.22749
308.23318
308.23532
308.23269
308.22429
308.20954
308.1884
308.16135
308.12913
308.09251
308.05199
308.00789
307.96042
307.91
307.85742
307.80385
307.75078
307.69977
307.65227
307.60951
307.57252
307.54208
307.51878
307.50302
307.49509
308.11351
308.11644
308.12206
308.12991
308.13937
308.14969
308.15998
308.16923
308.17629
308.17994
308.17894
308.17226
308.15933
308.14007
308.11494
308.0847
308.05006
308.01154
307.96942
307.92392
307.87544
307.82473
307.77298
307.72163
307.67223
307.62619
307.58474
307.54886
307.51934
307.49674
307.48146
307.47376
308.03436
308.03708
308.04229
308.04956
308.05832
308.06788
308.07741
308.08599
308.09256
308.09596
308.09507
308.08891
308.07692
308.05906
308.03574
308.00766
307.97548
307.9397
307.90056
307.85827
307.8132
307.76605
307.71793
307.6702
307.62427
307.58148
307.54296
307.50962
307.48218
307.46117
307.44696
307.4398
307.94802
307.95016
307.95426
307.95994
307.96673
307.97403
307.98115
307.9873
307.99161
307.99313
307.99091
307.98417
307.97243
307.95562
307.93409
307.90837
307.87904
307.8465
307.81103
307.77285
307.73233
307.69014
307.64723
307.60476
307.56397
307.52597
307.49175
307.46212
307.4377
307.41899
307.40634
307.39995
307.87146
307.87285
307.87549
307.87911
307.88331
307.88763
307.8915
307.89429
307.89533
307.89395
307.88952
307.8815
307.86959
307.85369
307.83391
307.81056
307.78396
307.75448
307.72245
307.68826
307.65238
307.61543
307.57818
307.54153
307.50637
307.47361
307.44404
307.41835
307.39713
307.38083
307.36978
307.3642
307.82665
307.82757
307.8293
307.83161
307.83418
307.8366
307.83841
307.83909
307.83811
307.83494
307.82912
307.82027
307.80813
307.79261
307.77375
307.7517
307.72671
307.69909
307.6692
307.63748
307.60443
307.57064
307.53678
307.50359
307.47183
307.44223
307.4155
307.39224
307.37299
307.35818
307.34812
307.34304
